,Protein,Probability_Partition_1,Probability_Partition_2,Probability_Partition_3,Probability_Partition_4,Probability_Partition_5,Probability_Partition_6,Mean_Probability,Majority_Prediction
0,A8MPY1,0.92685103,0.9911254,0.79395497,0.7580086,0.95508444,0.95242596,0.89624166,1.0
1,O00182,0.14910144,0.22086944,0.15595275,0.15978087,0.2731831,0.90988576,0.31146222,0.0
2,O00187,0.9483503,0.7642568,0.931027,0.95715284,0.9783545,0.9401747,0.91988605,1.0
3,O00303,0.8824401,0.29172546,0.8798854,0.25604677,0.23944998,0.4214196,0.4951612,0.0
4,O00459,0.19735369,0.5419647,0.20101464,0.07914337,0.0464188,0.06065173,0.18775783,0.0
5,O14672,0.75257385,0.9769403,0.8681432,0.93617225,0.8255715,0.9474693,0.88447833,1.0
6,O14727,0.06963446,0.28119946,0.12201061,0.07468887,0.3585233,0.008875242,0.15248866,0.0
7,O14733,0.9877957,0.9655181,0.99691063,0.90577084,0.99533045,0.9825183,0.97230726,1.0
8,O14735,0.07179637,0.0068065934,0.21428089,0.03700808,0.37814757,0.27128127,0.16322012,0.0
9,O14763,0.13728414,0.0057896697,0.90759397,0.58887804,0.5038707,0.6218133,0.4608716,1.0
10,O14792,0.47862536,0.23961079,0.7164925,0.5689266,0.16705565,0.83534706,0.50100964,0.0
11,O14793,0.734859,0.63745403,0.87475616,0.0980226,0.96862584,0.8324454,0.69102716,1.0
12,O14818,0.7123486,0.68534386,0.8551591,0.5342657,0.929021,0.86808234,0.76403683,1.0
13,O14874,0.98404413,0.97155964,0.99555534,0.9131558,0.7798314,0.9507274,0.93247896,1.0
14,O14949,0.8365976,0.6415191,0.2386464,0.096913576,0.7297655,0.83142424,0.56247777,1.0
15,O15143,0.050460428,0.008468835,0.054131307,0.052494995,0.11593782,0.04188027,0.05389561,0.0
16,O15144,0.71384937,0.7574832,0.9353229,0.9185711,0.8774199,0.41047,0.7688527,1.0
17,O15145,0.9849221,0.6414434,0.83292687,0.943854,0.5146925,0.23094709,0.69146436,1.0
18,O15169,0.346683,0.6784584,0.6470068,0.07585255,0.6096138,0.06354154,0.40352604,0.0
19,O15460,0.8831657,0.88548887,0.7353938,0.7047429,0.3052533,0.74701387,0.7101764,1.0
20,O15511,0.08458769,0.055407453,0.33698663,0.0923613,0.03974067,0.38898978,0.1663456,0.0
21,O15552,0.8064809,0.9860546,0.7062345,0.8444267,0.9598962,0.7826973,0.8476317,1.0
22,O43169,0.83461136,0.7006176,0.9848914,0.78817666,0.93437785,0.48289618,0.7875952,1.0
23,O43306,0.9712266,0.99642843,0.98877233,0.8974339,0.997677,0.9964535,0.97466534,1.0
24,O43399,0.13776669,0.81437796,0.06527964,0.1693664,0.11939193,0.23847695,0.25744325,0.0
25,O43447,0.49370414,0.8089495,0.7292375,0.64686304,0.21904708,0.8117649,0.61826104,1.0
26,O43681,0.8087856,0.15922281,0.6952718,0.44284102,0.91505724,0.3828069,0.5673309,0.0
27,O43739,0.2160962,0.7248889,0.5756401,0.65639186,0.58762944,0.20178975,0.49373937,1.0
28,O60264,0.48786,0.8861076,0.7173459,0.84387535,0.8661286,0.111782506,0.65218335,1.0
29,O60266,0.34555444,0.99830014,0.95059216,0.98607916,0.98831403,0.998408,0.8778746,1.0
30,O60294,0.6489986,0.28314933,0.90780604,0.31476188,0.8345171,0.18207327,0.52855104,0.0
31,O60341,0.96507007,0.79871726,0.85327333,0.98644024,0.92524457,0.64720994,0.8626593,1.0
32,O60462,0.5237423,0.4621619,0.69832313,0.97802085,0.500581,0.85450315,0.66955537,1.0
33,O60493,0.8378174,0.7393143,0.6597116,0.968411,0.15132643,0.36841443,0.6208325,1.0
34,O60503,0.9676893,0.5942627,0.96226954,0.98161674,0.99501157,0.99128014,0.91535497,1.0
35,O60547,0.9079759,0.93976337,0.96391475,0.93318945,0.8861711,0.9909343,0.9369915,1.0
36,O60551,0.8197695,0.38325006,0.08602334,0.7127385,0.23083636,0.44985682,0.4470791,0.0
37,O60658,0.87663484,0.8713571,0.810543,0.41329947,0.8500265,0.60286367,0.7374541,1.0
38,O60678,0.88885707,0.9595689,0.9515972,0.82207835,0.95189846,0.69548124,0.87824684,1.0
39,O60733,0.3546976,0.93217933,0.8377542,0.6378597,0.76986843,0.8208796,0.72553974,1.0
40,O60882,0.9276515,0.8256717,0.98312896,0.45709026,0.8288569,0.6229573,0.7742261,1.0
41,O60911,0.88479334,0.9215737,0.94091225,0.62823147,0.8939797,0.92010343,0.8649323,1.0
42,O75521,0.9444611,0.906466,0.5575652,0.9772933,0.9575121,0.9635629,0.8844767,1.0
43,O75533,0.91751885,0.9786276,0.9563862,0.96342725,0.8122888,0.90366757,0.9219861,1.0
44,O75865,0.90041757,0.98926127,0.49489087,0.16290668,0.19776239,0.57112575,0.5527274,0.0
45,O75881,0.83457834,0.41055775,0.79487556,0.8244174,0.95220584,0.90231794,0.7864921,1.0
46,O75891,0.9980769,0.99277276,0.99381036,0.99335665,0.9937775,0.99784386,0.9949396,1.0
47,O75900,0.64860386,0.48920274,0.9787648,0.048527993,0.16157092,0.48081324,0.46791396,0.0
48,O75908,0.8591216,0.96604884,0.5443877,0.30481514,0.30352047,0.81412303,0.63200283,1.0
49,O75976,0.3667376,0.8122221,0.55077136,0.8238569,0.90519506,0.6159869,0.67912835,1.0
50,O94766,0.1193736,0.8747244,0.55866665,0.18207666,0.26088467,0.2521399,0.3746443,0.0
51,O95445,0.32427084,0.23828386,0.2586204,0.50472796,0.55739737,0.6345361,0.41963944,0.0
52,O95865,0.16535586,0.48656702,0.52147937,0.8343883,0.65045786,0.09859861,0.45947453,0.0
53,P00156,0.9049359,0.9341226,0.9959656,0.4660504,0.90434545,0.7313314,0.8227919,1.0
54,P00746,0.066458695,0.0149583155,0.029584898,0.25557125,0.06458555,0.39252436,0.13728051,0.0
55,P00973,0.6084993,0.7377655,0.90164095,0.782176,0.22993363,0.9055723,0.69426465,1.0
56,P01112,0.8098533,0.96984875,0.9562923,0.96009034,0.96629846,0.96945536,0.9386397,1.0
57,P01127,0.32592297,0.044566248,0.4261494,0.16422638,0.1533322,0.76960075,0.31396633,0.0
58,P01270,0.016170653,0.047171652,0.023531623,0.082742296,0.3324253,0.09489651,0.09948967,0.0
59,P01563,0.28741693,0.90603983,0.88109654,0.75774014,0.31914824,0.18918619,0.55677134,0.0
60,P01574,0.3946542,0.72697234,0.51304305,0.9253933,0.71746695,0.73387027,0.6685667,1.0
61,P01593,0.029507572,0.0029511647,0.044172015,0.013160935,0.08795379,0.014733459,0.032079827,0.0
62,P01615,0.011057796,0.19676428,0.060137797,0.010156141,0.23081258,0.062491164,0.09523663,0.0
63,P01764,0.002591201,0.09474512,0.0032724226,0.0037833038,0.046706792,0.025226938,0.029387629,0.0
64,P01768,0.12129895,0.21305093,0.028098648,0.023869663,0.22580996,0.31063107,0.1537932,0.0
65,P01834,0.117769204,0.015640594,0.60566354,0.25220487,0.22432537,0.11731245,0.22215267,0.0
66,P01848,0.15812033,0.25786078,0.69996333,0.2322634,0.4660336,0.22507103,0.33988538,0.0
67,P01850,0.366996,0.23134713,0.7342329,0.15941018,0.22231287,0.092399344,0.30111644,0.0
68,P01854,0.19890794,0.29735592,0.590202,0.6840557,0.21737236,0.12726435,0.35252634,0.0
69,P01877,0.35315478,0.54273784,0.5141468,0.9696158,0.2369795,0.56473297,0.53022796,1.0
70,P02741,0.70298976,0.8742324,0.90732974,0.7619077,0.9583228,0.9856118,0.86506575,1.0
71,P03956,0.98672235,0.97720575,0.9452043,0.87602514,0.99284464,0.92669344,0.9507826,1.0
72,P04053,0.095492326,0.88934654,0.44619283,0.6370335,0.5950853,0.88320947,0.59106,1.0
73,P04118,0.2963833,0.070649356,0.74483824,0.6389022,0.616372,0.22417924,0.4318874,0.0
74,P04141,0.9354928,0.9499749,0.5468589,0.59650713,0.959682,0.07965938,0.67802924,1.0
75,P04424,0.639529,0.92821616,0.935782,0.8773387,0.97185725,0.9969277,0.8916085,1.0
76,P04632,0.7199029,0.9851596,0.77450585,0.9380133,0.98278517,0.7522862,0.85877544,1.0
77,P05019,0.23691471,0.109117106,0.75764704,0.018991766,0.45942912,0.12920032,0.28521666,0.0
78,P05062,0.9892764,0.9676591,0.92467886,0.9892776,0.98565775,0.9988331,0.97589713,1.0
79,P05162,0.10356723,0.47381508,0.75357723,0.02194348,0.08597317,0.108839504,0.2579526,0.0
80,P05187,0.3948021,0.96400106,0.7110131,0.80957603,0.98987526,0.9508537,0.80335355,1.0
81,P05305,0.020077027,0.03953215,0.2510522,0.1439365,0.13864504,0.05990184,0.10885746,0.0
82,P05451,0.69341564,0.16769654,0.67920977,0.41845232,0.97197974,0.68900526,0.60329324,1.0
83,P05981,0.749718,0.48481128,0.4249517,0.76653445,0.67224526,0.519115,0.6028959,1.0
84,P06132,0.9085778,0.9599719,0.9184857,0.9888222,0.9819256,0.9767025,0.95574766,1.0
85,P06307,0.912566,0.847009,0.62676173,0.6362473,0.5441946,0.7100529,0.7128053,1.0
86,P06730,0.9594327,0.63863134,0.5491486,0.38095108,0.079200275,0.7580133,0.5608962,1.0
87,P06731,0.8721481,0.05203393,0.7513983,0.67378294,0.77121407,0.29242834,0.56883425,1.0
88,P06734,0.82509774,0.80597126,0.9383537,0.82402945,0.8778948,0.9275844,0.86648864,1.0
89,P06753,0.65806943,0.99206674,0.945829,0.9459317,0.9210807,0.90048903,0.89391106,1.0
90,P07108,0.45486236,0.97398835,0.3113287,0.92141527,0.8881151,0.892777,0.74041444,1.0
91,P07339,0.54560745,0.83657104,0.5722431,0.68261325,0.02529971,0.96344745,0.604297,1.0
92,P07384,0.8975453,0.9735395,0.9450286,0.9854177,0.8839843,0.987541,0.94550943,1.0
93,P07478,0.7747792,0.6657594,0.4134716,0.577987,0.9759411,0.96758413,0.72925377,1.0
94,P07602,0.7868814,0.87268436,0.6496608,0.56041706,0.9073781,0.84431475,0.7702227,1.0
95,P07919,0.32071534,0.038156737,0.992014,0.15654938,0.27142134,0.035744693,0.30243358,0.0
96,P07942,0.7848183,0.7888321,0.7299322,0.8726081,0.83026254,0.84776926,0.80903715,1.0
97,P08048,0.27943566,0.7778357,0.17842643,0.12026393,0.10320832,0.040549077,0.24995317,0.0
98,P08217,0.23228993,0.069612585,0.41144782,0.61142075,0.04036968,0.118989505,0.24735503,0.0
99,P08238,0.8058436,0.9335543,0.96824,0.9854049,0.9953047,0.954395,0.94045705,1.0
100,P08254,0.9205847,0.6994427,0.99330455,0.9527399,0.575584,0.45099324,0.7654415,1.0
101,P08311,0.6485653,0.61394656,0.2705223,0.4571055,0.60296375,0.76649016,0.5599323,1.0
102,P08476,0.60793406,0.28352466,0.27514434,0.15890102,0.22983712,0.5412399,0.3494302,0.0
103,P08493,0.60195106,0.565261,0.73347354,0.33448926,0.65233684,0.8916858,0.62986624,1.0
104,P08571,0.82140166,0.22538282,0.95515037,0.91967523,0.67011505,0.7075203,0.716541,1.0
105,P08574,0.7880959,0.6171744,0.8013002,0.6450624,0.8603427,0.8011209,0.7521828,1.0
106,P09012,0.23072591,0.61041415,0.15123759,0.115070865,0.32439035,0.35820687,0.29834095,0.0
107,P09104,0.9943104,0.99876094,0.98359114,0.9993519,0.9973188,0.9990638,0.99539953,1.0
108,P09237,0.46317956,0.86098474,0.89104134,0.7692684,0.5977964,0.3915007,0.6622952,1.0
109,P09238,0.8239554,0.5905696,0.9577507,0.53876793,0.6767172,0.22134256,0.63485056,1.0
110,P09668,0.6682527,0.74293655,0.8192296,0.7635368,0.97448236,0.73642075,0.78414315,1.0
111,P09923,0.9799075,0.9847617,0.351947,0.88409156,0.7480694,0.8948408,0.80726963,1.0
112,P09936,0.92443335,0.48772603,0.18950415,0.03308786,0.41191182,0.8543933,0.48350942,0.0
113,P09958,0.15225044,0.96916157,0.474297,0.9709626,0.7984241,0.94320387,0.71804994,1.0
114,P0CG47,0.2054744,0.93246424,0.6815264,0.85796994,0.029836286,0.27430713,0.49692973,0.0
115,P0CG48,0.25200444,0.89804137,0.33169374,0.78623515,0.031595692,0.4088388,0.45140156,0.0
116,P10114,0.8313823,0.7694019,0.81760025,0.26834536,0.68778837,0.1358538,0.585062,1.0
117,P10145,0.81832176,0.6196355,0.7165098,0.352432,0.88152385,0.9896818,0.7296841,1.0
118,P10147,0.07925344,0.23307845,0.22759956,0.72525984,0.29584518,0.07098601,0.27200374,0.0
119,P10153,0.9865752,0.9323629,0.6827499,0.9388437,0.8109027,0.71203184,0.8439111,1.0
120,P10242,0.027947456,0.052220047,0.018809441,0.08638608,0.0049747704,0.050230544,0.040094722,0.0
121,P10398,0.99915564,0.9931631,0.98822904,0.98132783,0.96872765,0.9729413,0.98392415,1.0
122,P10589,0.07008399,0.064612396,0.056900788,0.01502183,0.08960679,0.053510312,0.05828935,0.0
123,P10599,0.994605,0.9959551,0.97756606,0.98618513,0.9717235,0.99799925,0.98733896,1.0
124,P10600,0.65246123,0.6519555,0.7589013,0.839083,0.92260534,0.97897524,0.80066353,1.0
125,P10644,0.9320131,0.9832013,0.97269803,0.9764875,0.99632394,0.98709524,0.97463655,1.0
126,P11047,0.20458218,0.76268476,0.38898078,0.7282282,0.9632657,0.7263782,0.62902,1.0
127,P11049,0.76994956,0.873443,0.40510985,0.44798064,0.8208076,0.47678405,0.6323458,0.0
128,P11226,0.7895254,0.8755589,0.9970709,0.28151867,0.7959412,0.99187523,0.78858167,1.0
129,P11233,0.84395015,0.9471628,0.9426546,0.98273385,0.4738154,0.9172019,0.8512531,1.0
130,P11488,0.2793134,0.92364746,0.8696984,0.6683956,0.85095316,0.6146054,0.70110226,1.0
131,P11597,0.8333626,0.5336601,0.87021977,0.924363,0.59419966,0.6235421,0.7298911,1.0
132,P11684,0.5140875,0.40563318,0.87252045,0.13085851,0.4161432,0.31011507,0.44155967,0.0
133,P12081,0.71980906,0.841012,0.8019664,0.9485044,0.9417392,0.9730427,0.8710124,1.0
134,P12644,0.79071987,0.6240954,0.78991735,0.55075175,0.74376404,0.76148987,0.710123,1.0
135,P13010,0.77455646,0.9672916,0.72390324,0.1412854,0.98534423,0.7379305,0.72171855,1.0
136,P13051,0.6261936,0.34698227,0.979626,0.20523098,0.58316,0.41168368,0.5254794,0.0
137,P13056,0.17283787,0.4154798,0.6338962,0.3767692,0.10271605,0.24900562,0.32511747,0.0
138,P13501,0.8626353,0.9946518,0.9514398,0.8369278,0.97291136,0.94657123,0.9275229,1.0
139,P13612,0.8570111,0.8469399,0.9509633,0.92088383,0.98915404,0.98009586,0.9241747,1.0
140,P13688,0.42318627,0.70629364,0.8657784,0.5489019,0.877315,0.2981011,0.61992943,1.0
141,P13804,0.9738371,0.985927,0.9540101,0.9685458,0.9923165,0.996693,0.97855496,1.0
142,P13805,0.044777416,0.42619812,0.10625096,0.14456372,0.07585987,0.07731794,0.14582801,0.0
143,P13807,0.98104596,0.18769422,0.752198,0.7321046,0.9586573,0.94027627,0.7586627,1.0
144,P13861,0.9502739,0.8261284,0.8432441,0.43048173,0.94587237,0.6961586,0.78202647,1.0
145,P13929,0.94878846,0.99799204,0.9866475,0.99604553,0.9946331,0.9944616,0.986428,1.0
146,P14174,0.16450621,0.8662103,0.7358778,0.40347958,0.43906388,0.928867,0.5896675,0.0
147,P14649,0.14683573,0.50866395,0.46533495,0.19895473,0.02676522,0.18705991,0.2556024,0.0
148,P14927,0.9471503,0.9714366,0.9713462,0.67215085,0.98366183,0.68540335,0.8718582,1.0
149,P15151,0.5844719,0.82076436,0.56801295,0.47528467,0.29094017,0.55458176,0.54900926,1.0
150,P15170,0.3125177,0.35998908,0.95438904,0.3314419,0.2577357,0.16015299,0.39603773,0.0
151,P15259,0.95324266,0.8577101,0.6963893,0.534242,0.8405199,0.9507557,0.8054766,1.0
152,P15382,0.88452446,0.9408779,0.9347031,0.7089661,0.9636821,0.9492538,0.89700127,1.0
153,P15813,0.9345287,0.9636975,0.9395452,0.8653435,0.9064445,0.94382095,0.9255634,1.0
154,P16112,0.19931698,0.19983698,0.20752543,0.7587376,0.36569235,0.37984976,0.35182652,0.0
155,P16144,0.8412213,0.6826242,0.9035356,0.98846406,0.7416172,0.65775853,0.8025368,1.0
156,P16284,0.98215646,0.82504106,0.76383454,0.90478915,0.75530416,0.78408086,0.8358677,1.0
157,P16298,0.85202044,0.8772855,0.63002056,0.9737781,0.7418392,0.5727553,0.7746165,1.0
158,P16402,0.5197737,0.9566631,0.2835631,0.8888785,0.9487343,0.87604284,0.7456093,1.0
159,P16442,0.14497241,0.14194098,0.054362547,0.48643187,0.47387356,0.5468648,0.30807436,0.0
160,P16452,0.64227897,0.30408236,0.403456,0.3227232,0.59922427,0.58897763,0.4767904,0.0
161,P16520,0.4813373,0.033680514,0.13419315,0.15983395,0.4101942,0.11231625,0.2219259,0.0
162,P16615,0.9941169,0.97337025,0.98829097,0.9948501,0.9851335,0.9940095,0.98829526,1.0
163,P16930,0.950373,0.94361454,0.9803065,0.9616475,0.787263,0.945258,0.92807716,1.0
164,P17213,0.4361639,0.089561604,0.9534353,0.2201287,0.21089037,0.5840404,0.4157034,0.0
165,P17600,0.30195946,0.4230531,0.28007847,0.026360255,0.6438167,0.17891778,0.30903095,0.0
166,P17676,0.62015855,0.92112815,0.9309317,0.5740498,0.9854336,0.3861833,0.73631424,1.0
167,P17813,0.81526333,0.13886419,0.80636585,0.7919362,0.61338925,0.8204167,0.6643726,1.0
168,P17980,0.47916344,0.29818016,0.86922526,0.16174793,0.16963486,0.37899914,0.39282513,0.0
169,P18031,0.9143603,0.6591135,0.9663924,0.8036437,0.9604446,0.9734265,0.8795635,1.0
170,P18085,0.38798586,0.99328136,0.16144614,0.8857026,0.91157943,0.6900149,0.67166835,1.0
171,P18509,0.88372403,0.38062015,0.15109213,0.3052269,0.66621584,0.6528677,0.50662446,0.0
172,P18564,0.66774,0.83038586,0.41477147,0.6287618,0.59135056,0.24478047,0.56296504,1.0
173,P19105,0.7106869,0.9536303,0.95464253,0.17124708,0.32660615,0.20890856,0.55428696,0.0
174,P19429,0.11702418,0.34452564,0.01879393,0.39309788,0.6134724,0.26049694,0.29123518,0.0
175,P19622,0.014765846,0.0046286746,0.0034508037,0.008959506,0.054773323,0.010048706,0.016104477,0.0
176,P19883,0.12418389,0.267878,0.49307945,0.70930547,0.7926323,0.34072593,0.4546342,0.0
177,P20231,0.25768268,0.47165066,0.43829635,0.91153544,0.8785649,0.27047575,0.53803426,0.0
178,P20248,0.80429596,0.55427825,0.37765095,0.924957,0.82567585,0.32202706,0.63481414,1.0
179,P20292,0.039735157,0.22837459,0.050322235,0.21896839,0.034071133,0.19457598,0.12767458,0.0
180,P20339,0.53203434,0.11987233,0.32281697,0.58646595,0.20315795,0.34373173,0.35134652,0.0
181,P20393,0.24779525,0.28613588,0.0470565,0.129383,0.026503125,0.11299545,0.14164488,0.0
182,P20472,0.9751177,0.9404639,0.8437568,0.5965383,0.97282,0.4348002,0.79391617,1.0
183,P20807,0.27391633,0.63961446,0.22978982,0.58383787,0.24967031,0.051889107,0.33811966,0.0
184,P20823,0.14677732,0.22349663,0.2313607,0.07384715,0.5161445,0.15368529,0.2242186,0.0
185,P21108,0.21257411,0.14647879,0.54962933,0.74536985,0.10880993,0.4902188,0.37551346,0.0
186,P21452,0.95861864,0.53372055,0.17605065,0.80390054,0.99054974,0.41640058,0.6465401,1.0
187,P21580,0.32327402,0.061211113,0.08239341,0.02171761,0.026546035,0.18176973,0.11615199,0.0
188,P21731,0.90438825,0.9731309,0.9935614,0.9932354,0.9614889,0.97824544,0.96734166,1.0
189,P21810,0.9543333,0.9069249,0.87601393,0.55050695,0.9599035,0.54346174,0.7985241,1.0
190,P21912,0.83835304,0.47641584,0.62671626,0.21388711,0.30132532,0.63477474,0.5152454,0.0
191,P21926,0.9705485,0.9722138,0.96580225,0.90593547,0.85305184,0.9957545,0.9438844,1.0
192,P22061,0.415631,0.7766698,0.51433045,0.32430488,0.4323287,0.93686354,0.56668806,0.0
193,P22083,0.16712408,0.19513336,0.07086339,0.13862792,0.09157026,0.22981513,0.14885569,0.0
194,P22087,0.95978355,0.9391872,0.51396656,0.45074636,0.7000332,0.65629625,0.7033355,1.0
195,P22301,0.3110375,0.7551467,0.53435504,0.60801476,0.76213825,0.5373636,0.58467597,1.0
196,P22314,0.6927435,0.66541564,0.9649545,0.86614245,0.8466662,0.89237016,0.82138205,1.0
197,P22528,0.00043120605,0.003177325,0.00068598246,0.0024772543,0.0019133177,0.0021459758,0.001805177,0.0
198,P22681,0.25504902,0.5899153,0.43543798,0.5824134,0.21593146,0.8934769,0.49537066,0.0
199,P22695,0.8813694,0.80089456,0.95120347,0.8100966,0.9806293,0.88354194,0.8846226,1.0
200,P22749,0.20323847,0.07235929,0.7047473,0.31530353,0.24969627,0.040994078,0.2643898,0.0
201,P22760,0.77020746,0.94296575,0.8780662,0.9845936,0.8835691,0.9833467,0.9071248,1.0
202,P22891,0.99888045,0.9992455,0.9995499,0.9748505,0.9721415,0.99618113,0.99014145,1.0
203,P22894,0.9378769,0.6433364,0.950594,0.3629471,0.86811435,0.4235016,0.6977284,1.0
204,P23083,0.10911922,0.75127345,0.3129901,0.09660772,0.5602994,0.22757758,0.3429779,0.0
205,P23276,0.9782774,0.9113356,0.94075435,0.96834475,0.9499833,0.90011036,0.9414676,1.0
206,P23284,0.9910342,0.9386247,0.8601079,0.9762448,0.99694437,0.97775036,0.9567844,1.0
207,P23467,0.42166883,0.6958447,0.72588646,0.7138131,0.95970726,0.3676672,0.64743125,1.0
208,P23677,0.2432044,0.039674323,0.051990695,0.12435895,0.061088447,0.111298405,0.1052692,0.0
209,P23919,0.37250558,0.6943929,0.10371029,0.8987811,0.8076726,0.7904194,0.61124694,1.0
210,P23946,0.67864496,0.5075447,0.45832026,0.606752,0.8671221,0.54788536,0.61104494,1.0
211,P24158,0.14789142,0.08548242,0.5345723,0.32352003,0.18973078,0.84135646,0.3537589,0.0
212,P24347,0.65992826,0.10205726,0.43913463,0.6530135,0.28951657,0.34055346,0.41403392,0.0
213,P24557,0.33696887,0.46726722,0.5240995,0.64957833,0.8853855,0.75354296,0.60280704,1.0
214,P25098,0.98789424,0.99819857,0.99764013,0.60888714,0.9969087,0.98669124,0.9293701,1.0
215,P25786,0.94673425,0.70269305,0.76710856,0.35620108,0.9444736,0.38729107,0.68408364,1.0
216,P25787,0.98295873,0.9911801,0.9582312,0.9982048,0.96621054,0.997721,0.98241776,1.0
217,P25788,0.94120264,0.9770245,0.90797955,0.9142749,0.9023285,0.989611,0.93873686,1.0
218,P25789,0.32503286,0.85070544,0.8471619,0.6474732,0.72935414,0.8129075,0.7021058,1.0
219,P25929,0.9735084,0.97330993,0.95112073,0.99705935,0.98979914,0.9616256,0.97440386,1.0
220,P25942,0.849167,0.5503152,0.74505776,0.92566615,0.6308705,0.689306,0.73173046,1.0
221,P26196,0.29493216,0.27767745,0.4179098,0.69429976,0.058282092,0.71936405,0.41041088,0.0
222,P26572,0.5719915,0.59073853,0.6618711,0.6449235,0.43949842,0.9319485,0.64016193,1.0
223,P27037,0.9827198,0.9631197,0.9917154,0.98730755,0.9969325,0.9022673,0.9706771,1.0
224,P27348,0.851039,0.7517475,0.93618083,0.96337324,0.8249129,0.9741415,0.88356584,1.0
225,P27695,0.9055069,0.56633824,0.91957384,0.9896936,0.9687903,0.82815665,0.8630099,1.0
226,P27986,0.6084529,0.16540517,0.3371467,0.45517087,0.08678679,0.3182724,0.32853913,0.0
227,P28066,0.11884892,0.89801425,0.93151104,0.6347072,0.94788724,0.98806804,0.7531727,1.0
228,P28070,0.96131945,0.7593131,0.5502138,0.81407934,0.9911082,0.95785254,0.838981,1.0
229,P28072,0.74950844,0.8953201,0.93246573,0.845556,0.92650205,0.70863503,0.84299785,1.0
230,P28476,0.76792854,0.99493426,0.8831326,0.989847,0.93307364,0.97259754,0.9235856,1.0
231,P28838,0.95835567,0.9859117,0.9889086,0.99202794,0.99744046,0.99990785,0.9870921,1.0
232,P29965,0.18049082,0.22803015,0.113779776,0.23416136,0.099716984,0.026637847,0.14713615,0.0
233,P30039,0.80922246,0.65530276,0.7806002,0.16328086,0.98662555,0.7147541,0.68496436,1.0
234,P30040,0.9782904,0.93124735,0.9709542,0.7139262,0.87951946,0.9385271,0.90207744,1.0
235,P30046,0.76338136,0.774291,0.9683197,0.7063807,0.9546208,0.51103705,0.7796717,1.0
236,P30047,0.15716337,0.5169175,0.04571263,0.5950639,0.11063995,0.5396535,0.32752514,0.0
237,P30048,0.8118357,0.7815671,0.952798,0.9032313,0.9709353,0.9379838,0.89305854,1.0
238,P30050,0.8579651,0.23768786,0.16794288,0.22058325,0.50327396,0.27921638,0.3777782,0.0
239,P30153,0.5424207,0.11527926,0.7848544,0.4840735,0.16749902,0.48087358,0.42916676,0.0
240,P30203,0.40079248,0.6986237,0.79501176,0.89103526,0.21120287,0.79476607,0.6319054,1.0
241,P30260,0.23984112,0.02565436,0.19979084,0.010946348,0.06750598,0.06331213,0.10117512,0.0
242,P30301,0.8132937,0.7635142,0.81171864,0.2872015,0.67757285,0.47267058,0.63766193,1.0
243,P30304,0.29096934,0.43110237,0.21592906,0.29409355,0.12348657,0.055411585,0.2351654,0.0
244,P30305,0.49630567,0.063913606,0.1098234,0.13980338,0.061581418,0.22767858,0.18318434,0.0
245,P30307,0.55926967,0.4760664,0.099406205,0.6531365,0.17247012,0.5879728,0.4247203,0.0
246,P30419,0.88352966,0.96814257,0.8671311,0.92966646,0.9168732,0.88227725,0.90793675,1.0
247,P30550,0.9914641,0.41126892,0.8400386,0.6915724,0.5890137,0.6461779,0.6949226,1.0
248,P30740,0.88613,0.95339936,0.8974274,0.9836475,0.9832624,0.9251415,0.938168,1.0
249,P30793,0.45705146,0.15966767,0.16156623,0.18466483,0.6941812,0.77215344,0.4048808,0.0
250,P30990,0.87732345,0.24254873,0.14453879,0.121731654,0.06654833,0.23666388,0.28155914,0.0
251,P31323,0.80676216,0.92609304,0.30971506,0.5688413,0.98266995,0.92735803,0.75357324,1.0
252,P31751,0.99990916,0.9999521,0.999403,0.9997379,0.9982445,0.99408686,0.9985556,1.0
253,P31930,0.84555686,0.95301384,0.91878617,0.5760752,0.9295734,0.8547001,0.8462842,1.0
254,P31949,0.9789139,0.9181173,0.9788967,0.95098335,0.99735093,0.9424272,0.9611149,1.0
255,P32019,0.53488517,0.7786982,0.3926107,0.31960657,0.42378727,0.07566062,0.4208748,0.0
256,P32970,0.4514704,0.016935233,0.13299917,0.34710467,0.06447909,0.10766206,0.1867751,0.0
257,P33316,0.258151,0.5810856,0.61166227,0.8132096,0.3941514,0.7812773,0.5732562,1.0
258,P34096,0.6444074,0.22319329,0.67022747,0.39133644,0.88314074,0.7016474,0.5856588,1.0
259,P34913,0.9924448,0.99351245,0.9475669,0.9564778,0.9884193,0.99690646,0.9792213,1.0
260,P34932,0.1558511,0.49285495,0.094253674,0.29335037,0.33062273,0.28673884,0.27561197,0.0
261,P35030,0.6717744,0.45778605,0.69568485,0.8278372,0.88220334,0.79046005,0.7209577,1.0
262,P35080,0.9407916,0.697869,0.81885296,0.8981386,0.91752166,0.8770889,0.85837716,1.0
263,P35232,0.84719044,0.992943,0.82367665,0.96794003,0.9241403,0.96107274,0.9194939,1.0
264,P35241,0.7923389,0.36284894,0.36755952,0.29561076,0.6028203,0.10307988,0.4207097,0.0
265,P35243,0.5476305,0.79135674,0.9208804,0.9501868,0.9128887,0.86177117,0.8307857,1.0
266,P35247,0.96537757,0.9911742,0.9972572,0.9354055,0.895986,0.95124376,0.95607406,1.0
267,P35270,0.5222825,0.9362279,0.71625036,0.7921569,0.89730024,0.7668875,0.7718509,1.0
268,P35558,0.9658215,0.97443944,0.990445,0.8452986,0.98286533,0.9875359,0.95773435,1.0
269,P35568,0.57849634,0.5819533,0.4898031,0.38296896,0.33566305,0.7390424,0.5179879,0.0
270,P35625,0.5367561,0.74296606,0.28305975,0.7298087,0.46232685,0.58846027,0.5572296,1.0
271,P35626,0.98573864,0.99162054,0.9843337,0.48480773,0.89149415,0.5638411,0.81697255,1.0
272,P35749,0.5281627,0.15646417,0.49159116,0.9574906,0.07457019,0.24751264,0.40929857,0.0
273,P35914,0.9945878,0.9976501,0.9877368,0.944375,0.98613656,0.9982476,0.98478895,1.0
274,P36405,0.15834011,0.37901038,0.06388059,0.67099273,0.3295487,0.5805683,0.3637235,0.0
275,P36873,0.986139,0.9920644,0.99311924,0.97555906,0.6480943,0.7773695,0.8953909,1.0
276,P36952,0.29379624,0.58815634,0.035389084,0.55324656,0.72003156,0.92807007,0.51978165,1.0
277,P36959,0.28931746,0.1922288,0.81502616,0.91049165,0.09661361,0.617299,0.4868295,0.0
278,P37023,0.99777836,0.9896472,0.99946755,0.9997594,0.97637784,0.97694653,0.98999614,1.0
279,P37268,0.5714119,0.43205425,0.7249746,0.70001465,0.8688225,0.85372585,0.691834,1.0
280,P40145,0.86405045,0.98166865,0.7538146,0.99684,0.9317787,0.99266,0.92013544,1.0
281,P40429,0.339494,0.95308876,0.5967468,0.9483083,0.73282474,0.93312293,0.75059766,1.0
282,P40616,0.023191286,0.9101818,0.06980641,0.42139944,0.2215009,0.6078687,0.37565812,0.0
283,P40763,0.94092757,0.91083986,0.9261185,0.6283354,0.93824506,0.9932381,0.8896174,1.0
284,P41091,0.6675128,0.92835176,0.8916901,0.81637704,0.7577349,0.8707064,0.8220622,1.0
285,P41231,0.69647664,0.8032187,0.9786683,0.99334055,0.83391285,0.9704592,0.8793461,1.0
286,P41252,0.36726516,0.88915545,0.9409833,0.94007933,0.8092131,0.5587548,0.75090855,1.0
287,P41597,0.9498424,0.9746617,0.98282397,0.95191085,0.9591729,0.8828205,0.9502054,1.0
288,P42126,0.92608947,0.9841761,0.7062606,0.9527372,0.98791736,0.9497816,0.91782707,1.0
289,P42768,0.11271322,0.29658318,0.30333614,0.09962789,0.08484048,0.09384666,0.16515793,0.0
290,P42892,0.9554188,0.9089003,0.9675981,0.987081,0.99083054,0.9815797,0.96523476,1.0
291,P43007,0.9866888,0.9989905,0.9855032,0.998187,0.96221954,0.9565614,0.98135847,1.0
292,P43080,0.6055876,0.77601594,0.94277316,0.6946283,0.98414665,0.81172514,0.80247945,1.0
293,P43115,0.9634282,0.97732496,0.5306323,0.96680516,0.94542706,0.4182371,0.8003092,1.0
294,P43235,0.91720283,0.25628465,0.44892073,0.17231548,0.9385512,0.15507641,0.4813919,0.0
295,P43490,0.7744188,0.638873,0.9590228,0.83700716,0.856432,0.9230226,0.8314627,1.0
296,P45452,0.96062636,0.8402948,0.9733662,0.86807823,0.6069457,0.2461516,0.7492438,1.0
297,P45877,0.9411324,0.5017029,0.6678525,0.5045145,0.46960086,0.7886286,0.64557195,1.0
298,P45880,0.8177506,0.8119145,0.9849148,0.94218105,0.9312102,0.9906882,0.91310996,1.0
299,P45984,0.9973043,0.92845845,0.9992009,0.9756513,0.9513697,0.98427755,0.9727104,1.0
300,P45985,0.9994023,0.9965515,0.99189174,0.99839044,0.99091864,0.9956125,0.9954612,1.0
301,P46459,0.25856,0.97000307,0.86980623,0.8782189,0.75189984,0.7206509,0.7415231,1.0
302,P46926,0.99042636,0.9712341,0.9888081,0.9884016,0.9790012,0.9781139,0.9826643,1.0
303,P46976,0.9804678,0.9330913,0.94564086,0.84950596,0.82499236,0.98288614,0.91943073,1.0
304,P47929,0.09045944,0.7364806,0.055909447,0.2120572,0.18932803,0.19916512,0.24723332,0.0
305,P47985,0.1312117,0.04592963,0.053127795,0.11370512,0.4511006,0.15934594,0.15907012,0.0
306,P48066,0.9921957,0.97578406,0.9536399,0.97239345,0.92050046,0.9688109,0.96388745,1.0
307,P48449,0.90250367,0.92242897,0.76259696,0.92117196,0.95372796,0.87429893,0.8894548,1.0
308,P48552,0.032595217,0.08626901,0.013295095,0.031335566,0.007083209,0.06554588,0.039353997,0.0
309,P48651,0.41595104,0.9681931,0.317181,0.25739807,0.15731998,0.9613699,0.5129022,0.0
310,P49137,0.998528,0.9450188,0.993834,0.99236226,0.99317604,0.9971053,0.98667073,1.0
311,P49247,0.9071014,0.88643515,0.86118674,0.88423115,0.69791806,0.957955,0.8658045,1.0
312,P49336,0.9890394,0.99251467,0.98423034,0.4801574,0.19150874,0.7206282,0.72634643,1.0
313,P49366,0.7887896,0.8805212,0.65913093,0.9134928,0.6923506,0.9884801,0.8204608,1.0
314,P49588,0.9396523,0.9833401,0.9666463,0.9793746,0.96850294,0.99745363,0.972495,1.0
315,P49591,0.7390264,0.84716034,0.7851403,0.8799113,0.16939978,0.31549042,0.6226881,1.0
316,P49619,0.27317566,0.89168227,0.5705972,0.07302716,0.11789184,0.5890155,0.41923156,0.0
317,P49662,0.6383423,0.7704947,0.7588652,0.5325642,0.048364572,0.207462,0.4926822,1.0
318,P49720,0.8840934,0.9616998,0.87077886,0.94619757,0.9992791,0.97551155,0.9395934,1.0
319,P49747,0.20244469,0.025775703,0.02649735,0.10185087,0.6466882,0.5551676,0.2597374,0.0
320,P49789,0.98441535,0.8056849,0.8867891,0.9144711,0.93785053,0.9729422,0.91702557,1.0
321,P49862,0.35429466,0.05738734,0.68997264,0.5960109,0.29875717,0.5270741,0.4205828,0.0
322,P49913,0.11439219,0.13741663,0.22129777,0.13961205,0.078146055,0.14183,0.13878244,0.0
323,P50281,0.97788996,0.9241912,0.93713015,0.9054383,0.87436974,0.92193526,0.9234924,1.0
324,P50391,0.8399706,0.84740067,0.977608,0.8107675,0.9873302,0.75814146,0.870203,1.0
325,P50607,0.0025260805,0.0151751675,0.00269106,0.0028083178,0.004134011,0.11541114,0.023790963,0.0
326,P51003,0.07279008,0.022261444,0.022893643,0.21728855,0.0595296,0.06507184,0.0766392,0.0
327,P51149,0.49957824,0.6551092,0.817181,0.28504434,0.9357472,0.49819136,0.61514187,0.0
328,P51151,0.053948075,0.7968738,0.24966696,0.7127466,0.688086,0.8155518,0.55281216,1.0
329,P51178,0.9789929,0.9357085,0.89087397,0.38472542,0.49972507,0.40383542,0.68231016,0.0
330,P51511,0.9305427,0.976309,0.95432997,0.91900724,0.69085526,0.91776603,0.8981351,1.0
331,P51512,0.93157685,0.598309,0.9110245,0.8418124,0.6937899,0.33372426,0.7183728,1.0
332,P51570,0.4710384,0.7304682,0.5264998,0.5174045,0.93030196,0.6899533,0.6442777,1.0
333,P51671,0.6119266,0.8897755,0.8909497,0.83665514,0.63805753,0.70816225,0.7625878,1.0
334,P51686,0.7916611,0.73995984,0.67806816,0.8377407,0.8618463,0.64946723,0.7597906,1.0
335,P51687,0.6393421,0.71841395,0.80816376,0.36501125,0.28767392,0.53195226,0.5584262,1.0
336,P51800,0.93626076,0.8946439,0.6195723,0.7624381,0.9019512,0.26388022,0.7297911,1.0
337,P51828,0.8346772,0.8494169,0.91903645,0.81380993,0.96871156,0.9606325,0.8910474,1.0
338,P52597,0.46531284,0.8800716,0.92520595,0.25264302,0.99269414,0.90336853,0.7365494,1.0
339,P52732,0.019263912,0.00511386,0.007676241,0.0032791935,0.032557778,0.018921435,0.014468737,0.0
340,P52788,0.61962193,0.94019186,0.92643553,0.86363715,0.8925425,0.9193695,0.86029977,1.0
341,P52848,0.94032,0.9075557,0.96817577,0.604411,0.9022563,0.82588494,0.85810065,1.0
342,P52961,0.7133582,0.58618575,0.66265094,0.71683425,0.65216744,0.48407772,0.6358791,1.0
343,P53041,0.8459466,0.9207307,0.8166496,0.8785739,0.94187593,0.576872,0.83010817,1.0
344,P53420,0.02435829,0.025623472,0.71053874,0.0037677023,0.28025475,0.14533626,0.19831322,0.0
345,P53582,0.92231715,0.8966444,0.8547843,0.9088714,0.82569534,0.86011475,0.87807125,1.0
346,P53609,0.24182402,0.5008247,0.9533129,0.3093571,0.7473833,0.39338303,0.5243475,0.0
347,P53611,0.9346365,0.8760478,0.94091374,0.52134466,0.79961866,0.911245,0.83063436,1.0
348,P53778,0.9930942,0.99832624,0.9998574,0.99757105,0.93194497,0.9896674,0.9850769,1.0
349,P53779,0.9833839,0.9804708,0.99614894,0.9582274,0.97222906,0.98449993,0.97916,1.0
350,P54278,0.06019918,0.20060126,0.15120332,0.18322243,0.054188598,0.1497701,0.13319747,0.0
351,P54317,0.9323912,0.9356007,0.97629786,0.80259085,0.9842786,0.743745,0.89581734,1.0
352,P54578,0.6884614,0.8193571,0.85725534,0.8299341,0.26767644,0.53498584,0.6662783,1.0
353,P54652,0.60167897,0.88128453,0.59401757,0.59916216,0.6586309,0.8623837,0.6995263,1.0
354,P55072,0.9911197,0.99251306,0.8916109,0.9097246,0.9530967,0.96752876,0.9509323,1.0
355,P55196,0.83464926,0.045736622,0.21488094,0.096244715,0.14670198,0.22777382,0.26099786,0.0
356,P55210,0.9263417,0.55872476,0.928139,0.97512984,0.33970705,0.8578722,0.7643191,1.0
357,P55769,0.6002616,0.07572139,0.6088746,0.6669879,0.6763003,0.09640113,0.45409116,1.0
358,P56817,0.9947919,0.9898465,0.6983175,0.994052,0.99847144,0.9777794,0.9422098,1.0
359,P58335,0.5173399,0.87434375,0.77630603,0.5444113,0.56257504,0.97747815,0.7087424,1.0
360,P59998,0.7303959,0.6479057,0.4673289,0.12610249,0.48377565,0.43182987,0.4812231,0.0
361,P60006,0.014809954,0.02235179,0.0013061794,0.01047039,0.092100516,0.0005928402,0.02360528,0.0
362,P60008,0.022995848,0.10557632,0.03056127,0.21950501,0.061642215,0.7686663,0.20149116,0.0
363,P60014,0.005325924,0.014091159,0.00062813476,0.009208761,0.0035324453,0.0029008288,0.0059478753,0.0
364,P60022,0.043586764,0.121126965,0.36588535,0.1936751,0.094363846,0.14104821,0.15994771,0.0
365,P60033,0.9698859,0.988278,0.8940784,0.8483119,0.95540446,0.9960212,0.94199663,1.0
366,P60059,0.8469045,0.9880768,0.9541805,0.77802575,0.85112023,0.74994135,0.8613748,1.0
367,P60201,0.7929757,0.5669132,0.6786055,0.3426524,0.45293725,0.61408484,0.5746948,1.0
368,P60370,0.023143226,0.014037634,0.0052659977,0.04797587,0.0120046465,0.013528552,0.019325988,0.0
369,P60409,0.08701243,0.04319852,0.013232077,0.1394154,0.005630022,0.0012625164,0.04829183,0.0
370,P60410,0.10270929,0.033382136,0.0073886896,0.08572423,0.017281193,0.041531567,0.048002854,0.0
371,P60484,0.9650917,0.3827656,0.9291053,0.927177,0.8956772,0.77711165,0.8128214,1.0
372,P60507,0.7448324,0.60125023,0.39310244,0.45956665,0.6718727,0.15320247,0.50397116,0.0
373,P60508,0.94374907,0.6760564,0.92124945,0.8898956,0.6248619,0.34317958,0.7331653,1.0
374,P60510,0.88990635,0.80776834,0.9793528,0.87601084,0.8822813,0.8843257,0.8866076,1.0
375,P60520,0.07894336,0.5102393,0.703053,0.91705495,0.5047399,0.77670425,0.5817891,1.0
376,P60602,0.4843448,0.06370711,0.1322588,0.07016401,0.690348,0.6150789,0.3426503,0.0
377,P60604,0.3972249,0.36607587,0.5819306,0.4673565,0.9476716,0.51352644,0.545631,0.0
378,P60660,0.7928846,0.9250598,0.91158414,0.15599732,0.88903743,0.83870596,0.7522115,1.0
379,P60709,0.9466413,0.95819587,0.99689204,0.9594917,0.9820389,0.9883951,0.9719425,1.0
380,P60900,0.9639193,0.8289708,0.95924973,0.9930496,0.44092107,0.9979493,0.8640099,1.0
381,P60903,0.9880276,0.92146254,0.955534,0.9121211,0.9969633,0.9720772,0.95769763,1.0
382,P60953,0.9470903,0.9845632,0.94195676,0.970041,0.9071637,0.96347725,0.952382,1.0
383,P60981,0.9818528,0.6093578,0.8933743,0.5840199,0.7982427,0.6053661,0.74536896,1.0
384,P61158,0.9762764,0.9954601,0.99879384,0.98832184,0.91872764,0.9410751,0.96977586,1.0
385,P61160,0.9695901,0.68688023,0.95807743,0.99407554,0.9826757,0.9323461,0.92060757,1.0
386,P61313,0.9837773,0.9284542,0.8479169,0.8265679,0.39323896,0.7821081,0.7936773,1.0
387,P61457,0.9677798,0.49789503,0.5983601,0.4758908,0.91662234,0.3959625,0.64208513,0.0
388,P61586,0.9553533,0.9894499,0.9910759,0.79062486,0.96600145,0.99881196,0.9485529,1.0
389,P61587,0.0056899306,0.15955299,0.0041298224,0.013116913,0.3763486,0.2990522,0.14298175,0.0
390,P61604,0.99667954,0.99697113,0.9815487,0.97413075,0.9953408,0.9897704,0.9890736,1.0
391,P61812,0.89073145,0.951997,0.2003335,0.75602597,0.36178327,0.91483134,0.6792838,1.0
392,P61925,0.108119234,0.14509724,0.2661571,0.2315885,0.09455337,0.18566892,0.17186405,0.0
393,P61927,0.040242158,0.09306786,0.013107275,0.014291685,0.19315675,0.5617087,0.15259574,0.0
394,P62136,0.9786341,0.98130554,0.99366343,0.9667568,0.986888,0.9044168,0.96861076,1.0
395,P62258,0.34717834,0.9906188,0.94787216,0.8709619,0.75611484,0.91194844,0.8041158,1.0
396,P62330,0.056906097,0.74471366,0.03320635,0.40760696,0.34140795,0.65459913,0.37307337,0.0
397,P62491,0.31829908,0.47299227,0.038162466,0.567227,0.12729946,0.8203418,0.39072037,0.0
398,P62736,0.37446868,0.97667783,0.9625374,0.97640663,0.94804966,0.981727,0.8699779,1.0
399,P62826,0.9977957,0.8609799,0.9698023,0.9936085,0.9952388,0.99327034,0.9684493,1.0
400,P62829,0.8974168,0.42966738,0.8040024,0.76151216,0.86004573,0.88330716,0.7726586,1.0
401,P62837,0.12988213,0.31603962,0.44391224,0.88172925,0.20334741,0.2235737,0.36641407,0.0
402,P62913,0.32741702,0.6206393,0.8024979,0.98938555,0.73360866,0.76925486,0.70713395,1.0
403,P62917,0.6168575,0.45419177,0.074063346,0.46894264,0.6943177,0.30318522,0.4352597,0.0
404,P63092,0.8224583,0.69752055,0.8062829,0.8846409,0.6911261,0.3433513,0.70756334,1.0
405,P63096,0.3865195,0.23197502,0.9484881,0.87909967,0.7669303,0.7340115,0.65783733,1.0
406,P63104,0.60522884,0.4434225,0.8996244,0.70314294,0.6540928,0.9388443,0.70739263,1.0
407,P63151,0.9076485,0.14415477,0.09821861,0.1178964,0.29255083,0.10084122,0.27688503,0.0
408,P63208,0.40725482,0.42476124,0.8622946,0.10223002,0.13322414,0.19117558,0.35349008,0.0
409,P67870,0.9925397,0.99345475,0.98836213,0.988191,0.9747014,0.9912266,0.9880793,1.0
410,P67936,0.7506381,0.3443073,0.7767949,0.6782861,0.577394,0.63511413,0.6270891,1.0
411,P68363,0.99423224,0.9612479,0.99763286,0.98874515,0.9973884,0.9933913,0.98877305,1.0
412,P78368,0.9831577,0.98271227,0.98905796,0.8772964,0.93246704,0.9717917,0.9560805,1.0
413,P78536,0.9458892,0.7834164,0.9674022,0.88377905,0.9325049,0.8941939,0.9011976,1.0
414,P80188,0.8761633,0.9486682,0.9238973,0.9895929,0.97945994,0.9957408,0.95225376,1.0
415,P84098,0.79796606,0.07855149,0.30855983,0.20884427,0.42405272,0.13190097,0.32497922,0.0
416,Q00169,0.7975434,0.17983843,0.37032476,0.79887843,0.54324555,0.24910048,0.48982182,0.0
417,Q00613,0.9352391,0.13931178,0.06996967,0.06714849,0.8263683,0.09599346,0.3556718,0.0
418,Q01082,0.9340567,0.94004655,0.91314656,0.73412216,0.99398214,0.9397561,0.909185,1.0
419,Q01581,0.91176844,0.96015114,0.9834458,0.97662634,0.94015384,0.63485587,0.9011669,1.0
420,Q02224,0.036162894,0.022148792,0.16881646,0.003717381,0.0019044599,0.02330494,0.042675823,0.0
421,Q03426,0.17910479,0.122610785,0.11398129,0.34187758,0.22432081,0.12684777,0.1847905,0.0
422,Q03721,0.98643076,0.9396273,0.9912914,0.9947219,0.9266481,0.97755843,0.96937966,1.0
423,Q04206,0.97302806,0.95994014,0.6412464,0.9937449,0.9343639,0.8900492,0.89872867,1.0
424,Q04917,0.51196223,0.33815545,0.8331378,0.9100371,0.66143036,0.7472222,0.6669908,1.0
425,Q05315,0.7801592,0.24580412,0.5359223,0.6517605,0.9576192,0.91154283,0.680468,1.0
426,Q05639,0.98351306,0.9204106,0.7568201,0.98837066,0.64496845,0.8651716,0.8598757,1.0
427,Q06124,0.6433736,0.9754239,0.60480535,0.7891659,0.33737257,0.8973095,0.70790845,1.0
428,Q06609,0.95501137,0.9871616,0.99223125,0.9904428,0.8335353,0.9827094,0.9568486,1.0
429,Q07011,0.6837583,0.9023729,0.65225285,0.55378705,0.26436856,0.22316255,0.54661703,1.0
430,Q07812,0.92224777,0.9472826,0.7495035,0.8517761,0.889613,0.9671993,0.88793707,1.0
431,Q07817,0.77677894,0.6139384,0.9587682,0.2986415,0.8129436,0.9228402,0.7306518,1.0
432,Q08209,0.8964068,0.2664449,0.974893,0.5194425,0.9491244,0.9416594,0.7579951,1.0
433,Q09013,0.9970106,0.9968702,0.9809186,0.96111876,0.96311253,0.99068004,0.98161846,1.0
434,Q12756,0.7386083,0.105299,0.2674261,0.039642543,0.93707883,0.19341622,0.38024512,0.0
435,Q12874,0.07710484,0.3695349,0.3769859,0.44692615,0.5622855,0.47655484,0.3848987,0.0
436,Q12884,0.95590353,0.85834175,0.919517,0.81629694,0.76576656,0.953444,0.8782117,1.0
437,Q12965,0.71509093,0.2370005,0.58417964,0.070172966,0.20878208,0.132475,0.32461688,0.0
438,Q13093,0.7361838,0.64372075,0.8678336,0.6334593,0.9498555,0.83628803,0.7778902,1.0
439,Q13219,0.19385064,0.29544485,0.41820672,0.7347052,0.4062379,0.8341879,0.48043886,0.0
440,Q13231,0.89551884,0.49674898,0.8727927,0.9017084,0.9417422,0.13857564,0.7078478,1.0
441,Q13285,0.3455753,0.5713068,0.685478,0.9251699,0.4382979,0.7571917,0.62050325,1.0
442,Q13304,0.8681303,0.9557131,0.9800295,0.99596643,0.97991806,0.9515251,0.9552138,1.0
443,Q13362,0.25613156,0.277536,0.3850294,0.65138805,0.1806374,0.1668214,0.31959063,0.0
444,Q13363,0.87232363,0.80242854,0.85210764,0.41956723,0.88322836,0.93133956,0.7934992,1.0
445,Q13421,0.1014319,0.3223109,0.10808966,0.8097957,0.7271693,0.8482525,0.48617497,0.0
446,Q13426,0.06477477,0.1632628,0.3059877,0.18162824,0.86545813,0.64944535,0.3717595,0.0
447,Q13427,0.23730552,0.11866769,0.024159875,0.011869345,0.05422054,0.09454824,0.09012853,0.0
448,Q13443,0.96797335,0.84936446,0.71867716,0.669961,0.97509366,0.79007447,0.82852405,1.0
449,Q13526,0.053819094,0.012540379,0.26660195,0.03845586,0.008624435,0.15273266,0.08879573,0.0
450,Q13535,0.16090329,0.07414054,0.25240517,0.12592389,0.35415867,0.058468927,0.17100008,0.0
451,Q13564,0.6771812,0.8367667,0.89457273,0.93794817,0.31738585,0.64484453,0.7181166,1.0
452,Q13885,0.9618813,0.9752857,0.9682685,0.9679729,0.9755543,0.97022176,0.9698641,1.0
453,Q13907,0.326516,0.55919015,0.53045636,0.33500543,0.4836787,0.69509673,0.4883239,0.0
454,Q13946,0.5662165,0.35005638,0.4445756,0.29153818,0.6543695,0.24488173,0.42527294,0.0
455,Q14242,0.69995487,0.7371405,0.7552467,0.98688823,0.53521496,0.77272695,0.74786204,1.0
456,Q14376,0.41477892,0.8997484,0.6188809,0.95539916,0.49230614,0.6417729,0.670481,1.0
457,Q14416,0.97488016,0.92762303,0.9452302,0.7978667,0.92783797,0.9050209,0.91307646,1.0
458,Q14494,0.1845351,0.35683683,0.3463746,0.11442245,0.23063307,0.17193522,0.23412287,0.0
459,Q14565,0.32857093,0.5886877,0.37340933,0.27469832,0.6582866,0.062687986,0.3810568,0.0
460,Q14627,0.88227636,0.9904971,0.8330866,0.9365779,0.93774045,0.8992379,0.91323596,1.0
461,Q14790,0.45100945,0.91382265,0.57963806,0.659134,0.0940709,0.8988295,0.5994174,1.0
462,Q14832,0.8178136,0.9764326,0.93012977,0.8811641,0.49323183,0.9603802,0.84319204,1.0
463,Q14894,0.6063147,0.35812047,0.6151672,0.836451,0.6999919,0.37914777,0.5825322,1.0
464,Q14914,0.9470903,0.995565,0.98982084,0.961089,0.97433066,0.9991666,0.97784376,1.0
465,Q14956,0.07146579,0.7347007,0.89768744,0.8518588,0.1090022,0.2629265,0.48794022,0.0
466,Q14995,0.54476184,0.1786617,0.21560827,0.56472486,0.63864315,0.373854,0.41937563,0.0
467,Q15031,0.30821884,0.8350273,0.7744435,0.70492804,0.3972454,0.9137513,0.6556024,1.0
468,Q15075,0.09074684,0.06732624,0.312436,0.015824711,0.0033080394,0.011179644,0.08347025,0.0
469,Q15078,0.20155583,0.14916164,0.06478233,0.033534855,0.092818625,0.1693458,0.11853319,0.0
470,Q15102,0.95368266,0.98752636,0.7615363,0.78170526,0.82220125,0.6225033,0.8215259,1.0
471,Q15111,0.44048893,0.9404811,0.5222711,0.5515238,0.3169987,0.7090816,0.5801409,1.0
472,Q15119,0.90232164,0.9110421,0.9970636,0.9419654,0.78544086,0.9865802,0.92073566,1.0
473,Q15120,0.66151017,0.75252813,0.5682356,0.8830394,0.75176847,0.94842345,0.7609175,1.0
474,Q15382,0.14037506,0.5106171,0.061408907,0.28708825,0.40157533,0.5570055,0.32634503,0.0
475,Q15393,0.523992,0.93363285,0.71710074,0.7484603,0.70645064,0.4046286,0.6723775,1.0
476,Q15648,0.0953281,0.31954432,0.04730521,0.029080031,0.08899981,0.0832503,0.110584624,0.0
477,Q15661,0.461391,0.1442638,0.71382457,0.5632861,0.04309585,0.48364913,0.4015851,0.0
478,Q15722,0.7927295,0.94287044,0.8994299,0.46039397,0.6649515,0.620184,0.73009324,1.0
479,Q15761,0.6353486,0.8984131,0.9440327,0.808615,0.9453,0.9688658,0.8667626,1.0
480,Q15788,0.19748104,0.8787628,0.59535706,0.035969496,0.063441634,0.57834,0.39155868,0.0
481,Q15796,0.8743892,0.103737496,0.29084298,0.5462198,0.39130402,0.9435744,0.5250113,0.0
482,Q16206,0.01311458,0.46209183,0.10403956,0.06252995,0.25841257,0.21445605,0.1857741,0.0
483,Q16222,0.67849755,0.29339686,0.59108764,0.95806235,0.5375606,0.57767206,0.6060462,1.0
484,Q16566,0.92379916,0.9995679,0.9946043,0.99839824,0.9900052,0.99331975,0.9832824,1.0
485,Q16613,0.6236984,0.3522731,0.60233057,0.28970656,0.18352048,0.6886599,0.45669818,0.0
486,Q16644,0.99881005,0.9915189,0.998922,0.99891484,0.9629792,0.99774665,0.99148196,1.0
487,Q16651,0.22822747,0.012843848,0.21752933,0.33595058,0.24413688,0.23942491,0.21301885,0.0
488,Q16671,0.97584116,0.93258184,0.9360472,0.89904106,0.9412464,0.8033647,0.9146871,1.0
489,Q16698,0.92830586,0.99408156,0.9982659,0.9566292,0.9935189,0.99634165,0.9778572,1.0
490,Q16706,0.66441196,0.9588006,0.62473613,0.87131685,0.6018111,0.94067156,0.77695805,1.0
491,Q16740,0.8305891,0.484091,0.9528389,0.8102778,0.70086694,0.94752765,0.78769857,1.0
492,Q16760,0.17729476,0.011248426,0.060019337,0.0028259002,0.043264758,0.06327727,0.05965507,0.0
493,Q16769,0.87559474,0.28548744,0.7153004,0.2965249,0.84430337,0.85272753,0.6449897,1.0
494,Q16877,0.88538796,0.9634407,0.7546216,0.9637557,0.85376775,0.8743188,0.88254875,1.0
495,Q460N3,0.03950703,0.11696461,0.12139694,0.017944383,0.023203112,0.10642081,0.07090615,0.0
496,Q53H96,0.66771185,0.1995972,0.59737575,0.100352086,0.6039332,0.94492453,0.51898247,1.0
497,Q5JTZ9,0.058019314,0.13757615,0.31419453,0.5459792,0.43910375,0.07818073,0.2621756,0.0
498,Q5ZPR3,0.72566146,0.66353077,0.4258621,0.3547514,0.8926845,0.056740623,0.5198718,0.0
499,Q6IQ20,0.5072326,0.17435972,0.06204428,0.62891984,0.4791459,0.34358108,0.36588058,0.0
500,Q6L8H2,0.030469786,0.005867182,0.027144043,0.3646267,0.28296143,0.4519996,0.1938448,0.0
501,Q6NVY1,0.9534325,0.9937378,0.9757912,0.98318774,0.99556077,0.9955291,0.9828732,1.0
502,Q6PEY2,0.9624568,0.84214514,0.9890316,0.9877364,0.9597909,0.9890075,0.95502806,1.0
503,Q6PHW0,0.30080613,0.6319264,0.8454837,0.27778274,0.37789056,0.71457237,0.5247437,0.0
504,Q6QNK2,0.58452183,0.8412121,0.8129054,0.9576896,0.96812683,0.8036784,0.8280224,1.0
505,Q6TGC4,0.19551966,0.26246664,0.6281787,0.25018027,0.06937036,0.5279469,0.32227707,0.0
506,Q6UWP2,0.19484495,0.30571356,0.055183742,0.24408916,0.12245989,0.7094262,0.2719529,0.0
507,Q7RTX0,0.63746536,0.9290175,0.7218593,0.90777373,0.8961737,0.8935846,0.83097905,1.0
508,Q7Z406,0.00938443,0.018765021,0.028016608,0.031639718,0.00094550784,0.028910233,0.019610254,0.0
509,Q7Z4W1,0.7185379,0.9918411,0.93625426,0.95790964,0.9934953,0.8212626,0.90321684,1.0
510,Q86SZ2,0.06355218,0.8415192,0.1622338,0.37573275,0.34040487,0.55890584,0.39039144,0.0
511,Q86T13,0.13885453,0.16117312,0.42974254,0.26490968,0.23008305,0.24281372,0.24459611,0.0
512,Q86US8,0.005887671,0.014326348,0.06058337,0.4452308,0.020314772,0.014862846,0.0935343,0.0
513,Q86WA6,0.9962548,0.955122,0.9597407,0.9847018,0.9942563,0.99441916,0.98074913,1.0
514,Q86XF0,0.54294914,0.89483666,0.767297,0.7777806,0.39657852,0.866367,0.70763487,1.0
515,Q8IVS2,0.8727474,0.57547647,0.5171817,0.711026,0.7063947,0.8621707,0.7074995,1.0
516,Q8IWL2,0.9270726,0.95895624,0.9581413,0.12082771,0.9749281,0.85896415,0.799815,1.0
517,Q8IXJ6,0.81128466,0.6298258,0.75586426,0.77273536,0.8800974,0.90812993,0.79298955,1.0
518,Q8N119,0.7845799,0.23266664,0.6934729,0.02613351,0.21556403,0.12180831,0.3457042,0.0
519,Q8N142,0.86942476,0.8851255,0.32287103,0.8603878,0.8190582,0.9791135,0.78933007,1.0
520,Q8N4T0,0.4271295,0.14115217,0.75959116,0.14775644,0.15546532,0.032683898,0.2772964,0.0
521,Q8NBQ5,0.69449985,0.5131111,0.31739357,0.5167342,0.28854334,0.6423262,0.49543473,1.0
522,Q8NEB9,0.6754371,0.43878847,0.55249524,0.34006414,0.2384013,0.3825312,0.4379529,0.0
523,Q8NFA2,0.05694279,0.030894693,0.029754048,0.021719866,0.055785615,0.06742552,0.043753754,0.0
524,Q8NFM4,0.792654,0.9793026,0.9835638,0.94337136,0.9899805,0.9887875,0.94627666,1.0
525,Q8NFW8,0.6574662,0.33049178,0.66034395,0.37171116,0.7371154,0.8652699,0.60373306,1.0
526,Q8TAB3,0.07858006,0.046470072,0.042633902,0.04365916,0.11653593,0.093077146,0.07015938,0.0
527,Q8TCG2,0.693674,0.9643791,0.9231221,0.7808427,0.3457968,0.23553944,0.6572257,1.0
528,Q8TF76,0.590292,0.6374466,0.7637832,0.97986907,0.951076,0.6654888,0.76465935,1.0
529,Q8WTS6,0.8292605,0.41912246,0.85080904,0.3829318,0.5323182,0.24802092,0.5437438,0.0
530,Q8WUI4,0.36286983,0.7387373,0.44443992,0.7283001,0.4171674,0.84978306,0.5902162,0.0
531,Q8WVQ1,0.33069646,0.7720214,0.95783436,0.63131243,0.8886175,0.6167062,0.6995314,1.0
532,Q8WWL2,0.22549827,0.250411,0.15153806,0.021196298,0.122018546,0.07646912,0.14118855,0.0
533,Q92569,0.531898,0.91513383,0.16624117,0.10995991,0.16685729,0.11467848,0.3341281,0.0
534,Q92598,0.08673322,0.45353618,0.14976208,0.37789014,0.24191992,0.2388286,0.2581117,0.0
535,Q92696,0.25449914,0.0992261,0.049515665,0.020111965,0.08728711,0.070582725,0.09687046,0.0
536,Q92793,0.20500955,0.9695313,0.2740448,0.06512774,0.016287183,0.060897727,0.26514974,0.0
537,Q92830,0.21999975,0.115581974,0.81550896,0.2686592,0.43695727,0.150352,0.33450985,0.0
538,Q92831,0.08628031,0.0290279,0.466846,0.012637908,0.13674852,0.1369062,0.14474115,0.0
539,Q92843,0.96421355,0.88954425,0.987237,0.6062015,0.713022,0.69369,0.8089847,1.0
540,Q92876,0.96802807,0.24981079,0.30840006,0.70914996,0.13060875,0.7646845,0.5217803,0.0
541,Q92930,0.8012366,0.95947003,0.7774869,0.27075788,0.81185323,0.8078662,0.7381118,1.0
542,Q92934,0.5799638,0.36552244,0.69173974,0.13636434,0.20536181,0.5054099,0.41406035,0.0
543,Q92993,0.83620775,0.22914635,0.79990566,0.7514176,0.66277355,0.707335,0.6644643,1.0
544,Q969F8,0.9272149,0.86739177,0.984136,0.9001085,0.95675796,0.8212976,0.90948445,1.0
545,Q969G3,0.0021692035,0.013495496,0.006226533,0.010267381,0.0008069944,0.009674674,0.007106714,0.0
546,Q969V6,0.49607897,0.19644107,0.11461329,0.22998759,0.041890286,0.096272804,0.19588067,0.0
547,Q96AZ6,0.0050285044,0.4435818,0.016786968,0.21070962,0.18427138,0.15142316,0.16863358,0.0
548,Q96BI3,0.21117446,0.51727533,0.027915943,0.036261458,0.1564879,0.5585298,0.25127414,0.0
549,Q96C86,0.9193343,0.34096003,0.2654105,0.31280497,0.62930804,0.3959865,0.47730073,0.0
550,Q96DP5,0.054644976,0.022395747,0.56140035,0.15110461,0.34771967,0.06034709,0.19960208,0.0
551,Q96EB6,0.9385159,0.48873565,0.4650542,0.61929715,0.51666194,0.80186784,0.63835543,1.0
552,Q96EM0,0.8641108,0.21335231,0.22200514,0.73131716,0.8790274,0.72191966,0.60528874,1.0
553,Q96F10,0.9681524,0.96313643,0.9607766,0.8826531,0.94796747,0.98549217,0.9513631,1.0
554,Q96GD3,0.01715827,0.11542395,0.019152766,0.07434887,0.052077908,0.0056008347,0.047293767,0.0
555,Q96GR2,0.97434956,0.9883209,0.9505801,0.98880845,0.86232466,0.988744,0.9588545,1.0
556,Q96KG9,0.93145394,0.96578324,0.9882731,0.9738893,0.97711086,0.98744863,0.9706599,1.0
557,Q96LB9,0.9262224,0.667569,0.9360166,0.7881263,0.75146794,0.7730245,0.80707115,1.0
558,Q96MA6,0.25268778,0.7957763,0.29175106,0.34650055,0.5379791,0.5252249,0.45831993,0.0
559,Q96PN6,0.20827602,0.17256199,0.7933521,0.4882452,0.3120269,0.62937164,0.43397227,0.0
560,Q96T66,0.042319886,0.19629553,0.2223214,0.007641219,0.021046035,0.39104098,0.14677751,0.0
561,Q99418,0.3936146,0.7950474,0.6018159,0.87472343,0.48249888,0.5590594,0.61779326,1.0
562,Q99436,0.6589687,0.92721915,0.61484396,0.9380971,0.47322303,0.57391745,0.6977115,1.0
563,Q99542,0.8869033,0.6366618,0.98368406,0.86022013,0.31443632,0.629794,0.71861666,1.0
564,Q99661,0.095468275,0.35789979,0.2458501,0.37634647,0.026027204,0.76574033,0.31122205,0.0
565,Q99798,0.9919017,0.90256333,0.9221642,0.9868167,0.9126428,0.9824901,0.9497631,1.0
566,Q99873,0.90492153,0.8546513,0.98663473,0.9228497,0.89648193,0.9785194,0.92400974,1.0
567,Q99884,0.96452755,0.9998202,0.9073395,0.9738723,0.80804473,0.94537926,0.93316394,1.0
568,Q99933,0.0041432185,0.007055866,0.0034562994,0.03149401,0.0017373147,0.0116072325,0.009915657,0.0
569,Q9BQE3,0.9447213,0.97548467,0.9866523,0.965059,0.977711,0.974812,0.9707401,1.0
570,Q9BVA1,0.9350263,0.98461306,0.98958266,0.976528,0.9853704,0.9657251,0.9728076,1.0
571,Q9BVG9,0.8486059,0.91863036,0.96441054,0.80953044,0.48751444,0.18582317,0.7024191,1.0
572,Q9BVJ7,0.9089464,0.7327812,0.14384413,0.6470033,0.86585075,0.8934409,0.6986444,1.0
573,Q9BVM4,0.9022384,0.10273768,0.38905862,0.4263531,0.1577648,0.24514256,0.3705492,0.0
574,Q9BW91,0.4657145,0.12697485,0.02320865,0.04966712,0.14726432,0.088060014,0.15014826,0.0
575,Q9BWD1,0.9767684,0.9436823,0.9969856,0.98859835,0.9694649,0.9561683,0.97194463,1.0
576,Q9BZX2,0.6997375,0.3121445,0.37261885,0.34559077,0.83832043,0.502148,0.51176,0.0
577,Q9BZZ2,0.09199507,0.17176284,0.11989689,0.4018997,0.040864516,0.018983204,0.14090037,0.0
578,Q9GZP0,0.42490926,0.5206847,0.48749074,0.75343627,0.3303152,0.115025885,0.4386437,0.0
579,Q9H239,0.9257905,0.3241755,0.9396839,0.5067285,0.52545744,0.5457742,0.627935,1.0
580,Q9H2P9,0.78882223,0.91356164,0.7941949,0.7986646,0.85226023,0.36531848,0.75213695,1.0
581,Q9H2S1,0.9210051,0.4790376,0.97979796,0.3405068,0.8327672,0.854335,0.734575,1.0
582,Q9H306,0.9718969,0.9021188,0.94104713,0.6159524,0.8687883,0.2886037,0.7647345,1.0
583,Q9H4G4,0.11845952,0.16655095,0.0076265745,0.1230756,0.025537789,0.074119195,0.085894935,0.0
584,Q9H4M7,0.010790689,0.0026863038,0.1091947,0.0050895293,0.013304574,0.014133971,0.02586663,0.0
585,Q9H6X2,0.95657873,0.4772602,0.68656117,0.9593405,0.98040664,0.92484075,0.83083135,1.0
586,Q9HAN9,0.5105254,0.26861945,0.027825978,0.20260228,0.4030031,0.39983594,0.30206868,0.0
587,Q9HBH1,0.023667999,0.030032594,0.27271575,0.016696513,0.093867704,0.050855532,0.08130601,0.0
588,Q9HBL8,0.88822806,0.85072666,0.88269776,0.6540156,0.46838716,0.9445336,0.7814315,1.0
589,Q9HCD5,0.12901731,0.03917401,0.11701676,0.05888408,0.032204535,0.19569091,0.095331274,0.0
590,Q9HCP0,0.9900664,0.9053655,0.96926427,0.92521787,0.9785826,0.8965134,0.9441683,1.0
591,Q9NNW7,0.9811257,0.990699,0.99297297,0.9855305,0.98620474,0.98323613,0.9866281,1.0
592,Q9NP99,0.64765364,0.77951515,0.12465931,0.4306328,0.20219876,0.29500675,0.41327775,0.0
593,Q9NPB1,0.55946314,0.040855918,0.75628376,0.7325425,0.40194714,0.45440593,0.49091646,0.0
594,Q9NPC1,0.8979236,0.5454078,0.6832219,0.80992323,0.80069304,0.38312477,0.68671566,1.0
595,Q9NPJ3,0.9341447,0.98898613,0.939922,0.7845081,0.89115477,0.9361217,0.9124729,1.0
596,Q9NQS7,0.078830056,0.045183018,0.08121441,0.17512178,0.007559205,0.08248716,0.07839928,0.0
597,Q9NR28,0.075607486,0.0858596,0.027497355,0.056351926,0.13067801,0.19425066,0.095040835,0.0
598,Q9NRA0,0.35478652,0.30986974,0.3432977,0.4893935,0.08627283,0.6180079,0.36693802,0.0
599,Q9NRE1,0.24286124,0.74883926,0.69565254,0.43268734,0.43896887,0.6293202,0.5313882,0.0
600,Q9NSD5,0.96638685,0.90631276,0.9882239,0.9871308,0.99705184,0.94205034,0.9645261,1.0
601,Q9NSE4,0.8214967,0.42986777,0.84737504,0.517679,0.92475265,0.95368636,0.74914294,1.0
602,Q9NTG7,0.9043742,0.9291815,0.78301746,0.86513424,0.9356353,0.91549236,0.88880587,1.0
603,Q9NUB1,0.9492061,0.8813148,0.99465597,0.98066264,0.30537248,0.67808837,0.79821664,1.0
604,Q9NWM0,0.24471988,0.04511801,0.043478496,0.07082235,0.29053634,0.18215844,0.14613892,0.0
605,Q9NWT6,0.95236695,0.2746281,0.5729098,0.94533205,0.62056017,0.13324702,0.583174,1.0
606,Q9NXE4,0.0081651835,0.57044864,0.089547455,0.58220065,0.15993501,0.22061244,0.27181822,0.0
607,Q9NY59,0.5036266,0.5683956,0.8894115,0.77267987,0.49809226,0.6521446,0.64739174,1.0
608,Q9NY65,0.23326685,0.7965188,0.89545894,0.64677584,0.8564689,0.5552381,0.66395456,1.0
609,Q9NZ42,0.24617462,0.9286863,0.13427353,0.74019283,0.35525241,0.14192632,0.4244177,0.0
610,Q9P2E9,0.0348648,0.3192128,0.15106727,0.22135316,0.40102738,0.14507106,0.21209939,0.0
611,Q9P2J5,0.97668755,0.7339025,0.98149025,0.8360445,0.9687847,0.8680892,0.89416647,1.0
612,Q9P2N6,0.021009862,0.0094328355,0.048914183,0.019554099,0.12166625,0.0021041948,0.037113573,0.0
613,Q9P2W7,0.97353566,0.34316376,0.72791356,0.72130096,0.7465437,0.6307416,0.69053316,1.0
614,Q9UBQ6,0.7580773,0.580355,0.5929969,0.9677283,0.68068093,0.80116683,0.73016757,1.0
615,Q9UBT6,0.0078055714,0.037091594,0.009896372,0.0015865942,0.0023814214,0.023702852,0.013744067,0.0
616,Q9UBX1,0.69219923,0.9786389,0.9530959,0.2775437,0.76244706,0.49474293,0.69311136,1.0
617,Q9UDW1,0.12722234,0.17908137,0.29687795,0.05257008,0.23002215,0.72193533,0.26795152,0.0
618,Q9UG56,0.48681155,0.89470106,0.7794913,0.5203139,0.7566378,0.62645227,0.67740136,1.0
619,Q9UHC3,0.2360019,0.2078263,0.42570534,0.13780832,0.6356931,0.98669505,0.43828833,0.0
620,Q9UIC8,0.49527037,0.31443182,0.13520122,0.33666226,0.1888981,0.771607,0.37367845,0.0
621,Q9UKM7,0.35611272,0.23788753,0.92855626,0.16838573,0.14883038,0.66131306,0.41684762,0.0
622,Q9ULC6,0.35049766,0.21313971,0.85206974,0.17541529,0.5628243,0.2382316,0.3986964,0.0
623,Q9ULW8,0.08971741,0.36006892,0.43042862,0.034681395,0.9322311,0.102330945,0.32490972,0.0
624,Q9ULZ9,0.86890566,0.23194413,0.80649394,0.7431548,0.7515145,0.41414002,0.6360255,1.0
625,Q9UN19,0.2735862,0.1718783,0.67568076,0.95250946,0.8354017,0.7092846,0.60305685,1.0
626,Q9UNA0,0.80191565,0.9185094,0.6536718,0.08749801,0.42174202,0.7930522,0.6127315,1.0
627,Q9UNI1,0.048301116,0.026983272,0.4563824,0.7409704,0.24135812,0.05735981,0.26189253,0.0
628,Q9Y230,0.43636495,0.7501794,0.87883687,0.9293081,0.73607475,0.42126572,0.692005,1.0
629,Q9Y266,0.106714346,0.4687409,0.37261665,0.028552173,0.3043645,0.12593858,0.23448785,0.0
630,Q9Y277,0.9348454,0.9724927,0.97486955,0.4371793,0.970158,0.8742381,0.8606305,1.0
631,Q9Y286,0.44368318,0.084539555,0.8322933,0.09677569,0.59811884,0.13553141,0.365157,0.0
632,Q9Y296,0.48317194,0.93778473,0.41228294,0.24568152,0.93533623,0.5306949,0.5908254,0.0
633,Q9Y2C9,0.79255813,0.94511634,0.7873578,0.9673259,0.9124396,0.9344317,0.88987154,1.0
634,Q9Y2J8,0.463751,0.5212428,0.9268316,0.2532869,0.74269265,0.7090836,0.60281473,1.0
635,Q9Y2Q0,0.9163637,0.7805312,0.71845186,0.9606593,0.9832373,0.9873259,0.89109486,1.0
636,Q9Y468,0.06543711,0.109221846,0.049468882,0.06897623,0.020722972,0.07647777,0.0650508,0.0
637,Q9Y4W6,0.5009299,0.9668814,0.7941379,0.34227723,0.9210427,0.8123782,0.7229412,1.0
638,Q9Y5R2,0.20599753,0.18252322,0.63071936,0.06826441,0.114221476,0.1242552,0.22099686,0.0
639,Q9Y5R8,0.04064197,0.26526457,0.008870898,0.80270714,0.19271149,0.8457056,0.35931695,0.0
640,Q9Y663,0.28271857,0.50967705,0.39797017,0.4925829,0.45586365,0.49687856,0.43928182,0.0
641,Q9Y678,0.10328574,0.18774514,0.120181814,0.48132625,0.31894192,0.056684583,0.21136092,0.0
642,Q9Y691,0.45049942,0.6806336,0.17643681,0.45838898,0.41930544,0.641807,0.47117853,0.0
643,Q9Y6B6,0.50277615,0.92717165,0.1787438,0.28069872,0.98759913,0.9419816,0.6364952,1.0
644,Q9Y6I3,0.027229466,0.06832735,0.033117644,0.020457495,0.26630577,0.38284576,0.13304724,0.0
645,Q9Y6K9,0.3333023,0.12601912,0.94171816,0.10588189,0.26062015,0.7027689,0.41171846,0.0
646,Q9Y6L7,0.97543555,0.9216919,0.66146326,0.9534999,0.53984994,0.88528985,0.8228717,1.0
647,Q9Y6M4,0.9894014,0.9940884,0.99936813,0.9654278,0.9781315,0.9894699,0.9859812,1.0
648,Q9Y6Q6,0.7503272,0.851957,0.8277393,0.6841773,0.92452836,0.83692247,0.81260854,1.0
649,O14957,0.61024916,0.5257801,0.7074,0.9308337,0.8062714,0.045434613,0.60432816,1.0
650,P04211,0.011348434,0.057251837,0.012282071,0.04352839,0.23654258,0.039213084,0.0666944,0.0
651,P0CG29,0.6961657,0.74505097,0.9284091,0.9508057,0.63960004,0.8666021,0.8044389,1.0
652,P14621,0.061537493,0.633864,0.8401258,0.5470296,0.4713583,0.7540713,0.55133104,1.0
653,P16260,0.3637065,0.19477028,0.90099114,0.09619809,0.85609674,0.6922592,0.517337,0.0
654,P21506,0.0020110367,0.012275177,0.0042979796,0.021608649,0.013270203,0.0034297295,0.0094821295,0.0
655,P30408,0.5231324,0.93012506,0.5595935,0.50220245,0.59263194,0.5067994,0.6024142,1.0
656,P34995,0.946621,0.6796727,0.938779,0.9195049,0.748213,0.7669056,0.8332827,1.0
657,P42357,0.98400795,0.8529358,0.899537,0.9738766,0.9429493,0.867408,0.92011905,1.0
658,P48060,0.21711914,0.49868348,0.1359713,0.41845697,0.2991146,0.32652634,0.31597865,0.0
659,P56385,0.043622736,0.39841142,0.0891851,0.119968414,0.3863561,0.06832823,0.184312,0.0
660,P60509,0.10918513,0.54658043,0.36805022,0.80864286,0.27078256,0.3900993,0.41555676,0.0
661,P60608,0.15756653,0.09935687,0.12519751,0.07585907,0.08682011,0.05256679,0.09956115,0.0
662,Q6NUS8,0.28666523,0.37151664,0.7032857,0.9057649,0.810265,0.8861811,0.6606131,1.0
663,Q6NXR0,0.6557732,0.10853357,0.4899394,0.83405316,0.7707748,0.91267353,0.6286246,1.0
664,Q6PKH6,0.08045447,0.213265,0.4448371,0.10998351,0.15264086,0.20139883,0.20042996,0.0
665,Q6UWM7,0.708735,0.47949836,0.94915026,0.75294745,0.4011537,0.7494074,0.6734821,1.0
666,Q7L3T8,0.7055785,0.93187124,0.43323612,0.20376588,0.6322596,0.36432526,0.54517275,0.0
667,Q8IUR0,0.20510752,0.8188556,0.14931579,0.24467294,0.7387626,0.56648636,0.4538668,0.0
668,Q8TDV5,0.47015283,0.080607295,0.5263465,0.2002639,0.19495797,0.45239872,0.32078788,0.0
669,Q96BH3,0.34420156,0.21205573,0.8091823,0.25135684,0.30054313,0.28242746,0.36662784,0.0
670,Q96KC2,0.3099374,0.35005188,0.94123256,0.2666807,0.26772308,0.25598407,0.39860162,0.0
671,Q96QU6,0.71052396,0.85214263,0.9414293,0.7563264,0.47475943,0.49639636,0.7052631,1.0
672,Q9HB40,0.58995914,0.9914145,0.9245201,0.5080561,0.5875362,0.96900034,0.7617478,1.0
673,Q9UHA3,0.11487428,0.03942415,0.045412418,0.00624086,0.06326629,0.11199753,0.06353592,0.0
674,Q9UKY3,0.8509607,0.77958435,0.7551994,0.29746938,0.35026452,0.80367905,0.6395262,1.0
675,Q9Y689,0.14396936,0.7438767,0.3579492,0.2149193,0.23565418,0.072071105,0.29473996,0.0
676,P0CG22,0.39488298,0.31061178,0.087694064,0.15260798,0.48348245,0.4760383,0.31755292,0.0
677,P16562,0.17407219,0.057280444,0.038656022,0.26510197,0.34784397,0.39571974,0.2131124,0.0
678,Q6P093,0.95440096,0.8763391,0.74930984,0.64502823,0.30254424,0.60968137,0.6895506,1.0
679,Q6UWN8,0.61037207,0.4757428,0.38502622,0.86955017,0.44414037,0.7762819,0.5935189,0.0
680,Q86VU5,0.4988918,0.011076891,0.07142355,0.15458041,0.019094951,0.45404437,0.20151865,0.0
681,Q8TF61,0.03165152,0.022088472,0.0083365515,0.015101835,0.042984318,0.010088825,0.021708587,0.0
682,Q8WX39,0.6923612,0.9668923,0.54387164,0.9259083,0.80170566,0.5673152,0.7496757,1.0
683,Q99470,0.083523385,0.015892634,0.526596,0.09552194,0.031322245,0.058258727,0.13518582,0.0
684,Q9H853,0.7473707,0.19111358,0.20717433,0.2939891,0.07611278,0.28903303,0.30079892,0.0
685,Q9UNX3,0.04730042,0.016064133,0.19252977,0.032874618,0.033789188,0.016270071,0.056471363,0.0
686,P60002,0.31985864,0.110392295,0.010995164,0.027742859,0.03433774,0.0046539856,0.08466345,0.0
687,P60606,0.14989373,0.054882567,0.02995163,0.1047465,0.0736184,0.075649865,0.081457116,0.0
