,Protein,Probability_Partition_1,Probability_Partition_2,Probability_Partition_3,Probability_Partition_4,Probability_Partition_5,Probability_Partition_6,Probability_Partition_7,Mean_Probability,Majority_Prediction
0,A8MPY1,0.83951193,0.97386485,0.7401093,0.39933568,0.9407238,0.8612817,0.50507724,0.75141495,1.0
1,O00182,0.26721704,0.5317173,0.09030473,0.11973966,0.21583807,0.4304089,0.05640404,0.24451853,0.0
2,O00187,0.6353257,0.5144579,0.75260735,0.9478306,0.99316037,0.9910926,0.97434086,0.82983077,1.0
3,O00303,0.8751851,0.13542646,0.66236,0.2838445,0.76088226,0.7615834,0.89689577,0.6251682,1.0
4,O00459,0.046354793,0.2754688,0.07541548,0.13168555,0.19668908,0.12367571,0.13440779,0.14052817,0.0
5,O14672,0.5889439,0.74228823,0.85906094,0.8503243,0.70742095,0.9958326,0.7178625,0.7802476,1.0
6,O14727,0.20176464,0.031672556,0.026580084,0.14944232,0.084646694,0.00868516,0.18488011,0.09823879,0.0
7,O14733,0.94113284,0.99185365,0.98476946,0.9689066,0.8908046,0.9673244,0.95994586,0.9578196,1.0
8,O14735,0.106218554,0.029213397,0.37304157,0.45716563,0.5295257,0.07125746,0.07716068,0.23479758,0.0
9,O14763,0.16521482,0.015960567,0.35752696,0.64405316,0.7877086,0.35121143,0.9143569,0.46229032,0.0
10,O14792,0.20671318,0.12953177,0.7440606,0.067713626,0.34953094,0.86787444,0.09189539,0.3510457,0.0
11,O14793,0.5415235,0.33435336,0.96541446,0.32894975,0.8946482,0.92487234,0.48439002,0.6391645,1.0
12,O14818,0.6935062,0.42862475,0.20524754,0.83716995,0.7399368,0.7894111,0.633285,0.6181688,1.0
13,O14874,0.94938916,0.9364398,0.99093795,0.9010012,0.9753559,0.99013865,0.97524685,0.9597871,1.0
14,O14949,0.92631495,0.632124,0.6541275,0.3601068,0.85149086,0.11195886,0.79202026,0.61830616,1.0
15,O15143,0.006504791,0.045949932,0.25169307,0.14076994,0.069781706,0.06850543,0.27757183,0.12296809,0.0
16,O15144,0.86135304,0.83106613,0.64563996,0.7799571,0.54959667,0.49230805,0.9779638,0.7339836,1.0
17,O15145,0.98313576,0.67660034,0.7687171,0.9131689,0.20846118,0.17738743,0.9746018,0.6717247,1.0
18,O15169,0.7282606,0.17204903,0.76910484,0.016682686,0.1732391,0.22624137,0.6884223,0.39628574,0.0
19,O15460,0.82080925,0.957644,0.48900837,0.9272038,0.28772345,0.36706132,0.65428114,0.64339024,1.0
20,O15511,0.1411188,0.07036456,0.11899411,0.4948278,0.18766862,0.28510454,0.83119106,0.30418137,0.0
21,O15552,0.93413115,0.9328466,0.82506216,0.96640223,0.9637122,0.9018334,0.7164456,0.89149046,1.0
22,O43169,0.9223355,0.5363997,0.99028194,0.81081957,0.83172154,0.80023897,0.687818,0.79708797,1.0
23,O43306,0.9885678,0.9881896,0.9928946,0.95117235,0.9988852,0.99629635,0.92734796,0.97762203,1.0
24,O43399,0.33754644,0.72553563,0.026222626,0.46962065,0.39963594,0.12631589,0.08712621,0.31028622,0.0
25,O43447,0.8890888,0.8903877,0.61331856,0.711582,0.5047401,0.8735628,0.89844763,0.7687325,1.0
26,O43681,0.7987389,0.24980372,0.7988178,0.53881955,0.873286,0.5570393,0.3424765,0.59414023,1.0
27,O43739,0.97956586,0.6791955,0.37907594,0.52727133,0.45967782,0.36541125,0.21260238,0.51468575,0.0
28,O60264,0.45034525,0.6038193,0.5989829,0.88573647,0.92443126,0.08140412,0.74147093,0.6123129,1.0
29,O60266,0.4034586,0.9942046,0.989007,0.81073517,0.89216197,0.99726653,0.83660614,0.8462057,1.0
30,O60294,0.64005345,0.20617191,0.8177509,0.48101765,0.7992579,0.71202946,0.57689345,0.6047392,1.0
31,O60341,0.9078377,0.86427367,0.4972268,0.92165023,0.93338007,0.30753127,0.4660371,0.69970524,1.0
32,O60462,0.3437547,0.06912643,0.32096443,0.562974,0.62675774,0.9376253,0.900513,0.53738797,1.0
33,O60493,0.70574117,0.81920385,0.9269011,0.7175305,0.17241935,0.8652188,0.6629035,0.69570255,1.0
34,O60503,0.9066124,0.9152176,0.9888554,0.9814202,0.9769066,0.9899704,0.8301907,0.94131047,1.0
35,O60547,0.9844752,0.967782,0.9613415,0.9237737,0.9741545,0.933347,0.86226046,0.9438763,1.0
36,O60551,0.58380246,0.1263015,0.4436377,0.59032345,0.26218125,0.28392333,0.71320415,0.4290534,0.0
37,O60658,0.734251,0.34743652,0.54200053,0.7687948,0.77026457,0.6866592,0.828662,0.6682955,1.0
38,O60678,0.93167627,0.97807455,0.94082224,0.97308785,0.9637327,0.47225198,0.9501677,0.88711613,1.0
39,O60733,0.9191088,0.8179172,0.9482564,0.755119,0.8301686,0.50360256,0.6046715,0.7684063,1.0
40,O60882,0.95184034,0.7651385,0.9864029,0.6935438,0.41443303,0.7785912,0.80670565,0.77095073,1.0
41,O60911,0.5783435,0.58482015,0.7365983,0.81507725,0.9621962,0.8286108,0.91709614,0.77467746,1.0
42,O75521,0.6207212,0.8712258,0.28842694,0.83837974,0.9832561,0.9439516,0.3591487,0.70072997,1.0
43,O75533,0.9576965,0.995858,0.7870677,0.99358034,0.32837197,0.759397,0.99253017,0.8306431,1.0
44,O75865,0.5180079,0.9433379,0.5063883,0.0747697,0.7563457,0.7995083,0.95205843,0.6500595,1.0
45,O75881,0.85030144,0.51732767,0.75438213,0.8534992,0.93196046,0.86939204,0.7743854,0.79303545,1.0
46,O75891,0.999067,0.9944634,0.9966781,0.99606067,0.9951487,0.99907196,0.98952895,0.99571705,1.0
47,O75900,0.98430705,0.22985193,0.9465138,0.35531062,0.6069833,0.72371817,0.51519406,0.62312555,1.0
48,O75908,0.89362806,0.9107187,0.4318227,0.7181586,0.4757177,0.8126644,0.79194665,0.7192367,1.0
49,O75976,0.14425561,0.97096944,0.79097354,0.92282456,0.68060714,0.8466933,0.4062827,0.6803723,1.0
50,O94766,0.061416663,0.07362672,0.3763429,0.095647015,0.06935853,0.12933801,0.18332519,0.14129357,0.0
51,O95445,0.52195674,0.6477748,0.86009634,0.66069186,0.5130859,0.18356666,0.17333783,0.5086443,1.0
52,O95865,0.46799624,0.056420766,0.6603308,0.5103405,0.60137624,0.32858294,0.44071403,0.43796593,0.0
53,P00156,0.87120074,0.79027236,0.9808992,0.35184973,0.9886939,0.41049117,0.9440404,0.7624925,1.0
54,P00746,0.28839332,0.003374376,0.12369372,0.03134668,0.33072177,0.5575727,0.19616371,0.21875231,0.0
55,P00973,0.026050871,0.65099597,0.94624716,0.15275925,0.28485313,0.88789976,0.13997893,0.44125503,0.0
56,P01112,0.50010294,0.99294645,0.7651942,0.8942447,0.9221458,0.96996033,0.9910768,0.86223876,1.0
57,P01127,0.72827387,0.46455273,0.8184514,0.58992785,0.17740612,0.83134264,0.557081,0.59529084,1.0
58,P01270,0.33245176,0.09048371,0.21487235,0.17922607,0.1100053,0.3172948,0.46640494,0.24439128,0.0
59,P01563,0.28800103,0.76246065,0.5093729,0.8244895,0.4397934,0.3876424,0.26027066,0.49600434,0.0
60,P01574,0.46982348,0.9360058,0.6884314,0.84124094,0.7605085,0.71339923,0.9803617,0.7699674,1.0
61,P01593,0.008601195,0.002893656,0.009545058,0.009043116,0.035072446,0.006507238,0.053450305,0.017873287,0.0
62,P01615,0.07165101,0.04187628,0.025820488,0.03804878,0.5906982,0.0862758,0.14933135,0.14338599,0.0
63,P01764,0.006285183,0.052304782,0.0041893097,0.012566558,0.10674466,0.014946334,0.0128618525,0.029985527,0.0
64,P01768,0.06600112,0.384271,0.018221231,0.21936335,0.044772264,0.6524527,0.066479556,0.20736589,0.0
65,P01834,0.1585211,0.05726844,0.5243489,0.17303239,0.07769621,0.33055454,0.84891766,0.3100485,0.0
66,P01848,0.03316602,0.06954153,0.4165854,0.14695975,0.16905855,0.29250664,0.23383604,0.194522,0.0
67,P01850,0.2476855,0.41878206,0.41378725,0.27316946,0.17374833,0.09029184,0.13347845,0.2501347,0.0
68,P01854,0.029676922,0.16785033,0.3689974,0.52385604,0.1062402,0.18259841,0.2829265,0.23744941,0.0
69,P01877,0.1875719,0.45515507,0.8727764,0.85198337,0.14756267,0.7267142,0.86123,0.58614194,1.0
70,P02741,0.8270612,0.883699,0.9503078,0.7650752,0.9838705,0.8572076,0.94195735,0.88702554,1.0
71,P03956,0.9905742,0.9978999,0.971168,0.89744985,0.96779066,0.9522341,0.998528,0.9679493,1.0
72,P04053,0.5770653,0.6820181,0.3083993,0.122969896,0.670713,0.38546517,0.39629412,0.44898924,0.0
73,P04118,0.6239026,0.052486923,0.63743085,0.45289025,0.20200522,0.32324788,0.75149316,0.43477958,0.0
74,P04141,0.9826475,0.98069763,0.09540568,0.7290288,0.9718516,0.57160443,0.118091896,0.6356182,1.0
75,P04424,0.5037066,0.88962144,0.73451537,0.92512316,0.9696512,0.93834215,0.79496,0.82227427,1.0
76,P04632,0.7780584,0.80058444,0.31427017,0.6834354,0.9033561,0.66753596,0.9841165,0.73305094,1.0
77,P05019,0.14342506,0.13565232,0.21952797,0.024882182,0.7336503,0.0135083245,0.53647465,0.2581601,0.0
78,P05062,0.78673273,0.9918978,0.9800566,0.905344,0.92972606,0.9885643,0.93301487,0.93076235,1.0
79,P05162,0.017117474,0.39818734,0.64673406,0.16277777,0.26114485,0.016082913,0.19874373,0.24296974,0.0
80,P05187,0.9344289,0.9047436,0.7830152,0.95131123,0.9876231,0.9505182,0.973154,0.9263992,1.0
81,P05305,0.15730566,0.019166373,0.05819806,0.05266343,0.50545096,0.057751853,0.4064196,0.17956515,0.0
82,P05451,0.8236141,0.94730943,0.740304,0.5259278,0.75010467,0.59901875,0.8511785,0.74820817,1.0
83,P05981,0.7844637,0.19016518,0.14640896,0.80620086,0.18001455,0.34014106,0.7129656,0.45147997,0.0
84,P06132,0.9758077,0.97281873,0.7407613,0.9881521,0.98930895,0.86708707,0.7175058,0.89306307,1.0
85,P06307,0.98338014,0.534087,0.4736887,0.5311735,0.30656934,0.39036334,0.9205942,0.5914081,1.0
86,P06730,0.6910145,0.18827718,0.6553369,0.55529207,0.23023853,0.25268742,0.3710465,0.42055616,0.0
87,P06731,0.90739566,0.41398263,0.49699083,0.84453815,0.14979993,0.1956965,0.086480305,0.44212627,0.0
88,P06734,0.7961197,0.583963,0.8969077,0.96812963,0.74636114,0.97987247,0.26506677,0.74806005,1.0
89,P06753,0.7503469,0.9748071,0.8103152,0.9606477,0.8998643,0.9421935,0.14251092,0.78295505,1.0
90,P07108,0.9725788,0.96219176,0.7211891,0.90663415,0.7910373,0.9855767,0.95811456,0.8996175,1.0
91,P07339,0.7700235,0.8951389,0.7566564,0.86871433,0.6111296,0.98045063,0.9160165,0.8283043,1.0
92,P07384,0.9002791,0.9604863,0.9782069,0.9734032,0.92863077,0.9659837,0.96237695,0.9527668,1.0
93,P07478,0.9236132,0.47355145,0.18169427,0.20988882,0.94631034,0.91102856,0.68280584,0.61841327,1.0
94,P07602,0.9091055,0.7335716,0.76338506,0.9297451,0.8687525,0.9656794,0.49613518,0.8094821,1.0
95,P07919,0.4360617,0.016673058,0.89186287,0.3745036,0.467235,0.07356568,0.4846627,0.3920807,0.0
96,P07942,0.37174547,0.9484292,0.7541421,0.9232219,0.33525503,0.8870009,0.98814607,0.74399155,1.0
97,P08048,0.27593625,0.62615544,0.15001683,0.06019026,0.03844991,0.03947989,0.12062832,0.18726526,0.0
98,P08217,0.14447056,0.026186954,0.74275553,0.105610125,0.1095551,0.07679666,0.041672133,0.17814958,0.0
99,P08238,0.9869452,0.92172205,0.9961436,0.9940521,0.98909956,0.8062112,0.98006964,0.9534634,1.0
100,P08254,0.91730785,0.6841853,0.9766268,0.89940023,0.52907795,0.6348829,0.8865795,0.7897229,1.0
101,P08311,0.5263262,0.15793188,0.35440582,0.17836055,0.5916986,0.2557242,0.5156163,0.3685805,0.0
102,P08476,0.44491485,0.6690652,0.49078602,0.2095474,0.76510686,0.15351334,0.36602506,0.4427084,0.0
103,P08493,0.8482066,0.8743737,0.82288843,0.797885,0.7917184,0.13077757,0.79016864,0.72228825,1.0
104,P08571,0.9407561,0.9419358,0.92983854,0.9238055,0.7958398,0.6748556,0.26895115,0.78228325,1.0
105,P08574,0.37639546,0.9275885,0.74424464,0.6032667,0.63502336,0.92111254,0.96975905,0.7396272,1.0
106,P09012,0.05979262,0.575301,0.02769906,0.061963465,0.05766273,0.0939358,0.04222161,0.13122518,0.0
107,P09104,0.9950374,0.99921346,0.93876857,0.99689686,0.99624014,0.99910563,0.98351765,0.9869685,1.0
108,P09237,0.7875563,0.81791157,0.9278606,0.79661685,0.917033,0.8080849,0.5772829,0.80462086,1.0
109,P09238,0.5381439,0.8455714,0.9876956,0.8661094,0.78160226,0.4641444,0.77588254,0.7513071,1.0
110,P09668,0.3345873,0.5867776,0.811442,0.9862591,0.9843255,0.7029032,0.84871143,0.7507152,1.0
111,P09923,0.91726303,0.9723369,0.33716035,0.8822942,0.8755233,0.8585191,0.97331244,0.8309156,1.0
112,P09936,0.18281405,0.1350885,0.03328307,0.047872398,0.078038484,0.38035086,0.32544944,0.16898526,0.0
113,P09958,0.16751914,0.90441275,0.7004208,0.8331241,0.75193584,0.98507303,0.9939586,0.7623492,1.0
114,P0CG47,0.26077443,0.80928844,0.621591,0.45853218,0.08052192,0.29873678,0.75770074,0.46959218,0.0
115,P0CG48,0.40645915,0.87523484,0.30406383,0.1665426,0.15400788,0.58521974,0.57703435,0.4383661,0.0
116,P10114,0.8874103,0.99731654,0.74637187,0.42114717,0.794381,0.04278197,0.19089918,0.5829011,1.0
117,P10145,0.95720077,0.90383476,0.99376774,0.3956868,0.8798118,0.7623938,0.7861777,0.8112677,1.0
118,P10147,0.013276373,0.107232,0.10113385,0.2532181,0.42278647,0.0841872,0.20374495,0.16936842,0.0
119,P10153,0.9331225,0.67348087,0.67116344,0.94690824,0.90875524,0.42825344,0.8545425,0.7737466,1.0
120,P10242,0.12262033,0.030673703,0.028431457,0.12485229,0.050696976,0.0071690856,0.04942731,0.059124447,0.0
121,P10398,0.9925458,0.96583444,0.99432385,0.99428433,0.99416333,0.9846927,0.9973731,0.989031,1.0
122,P10589,0.07507777,0.01295228,0.026667602,0.03627701,0.059829712,0.030822406,0.19261286,0.06203423,0.0
123,P10599,0.99770254,0.98103243,0.9982198,0.96287185,0.9362807,0.9971111,0.9946785,0.98112816,1.0
124,P10600,0.5182288,0.65241617,0.8717529,0.8743143,0.8337621,0.9522599,0.84769994,0.7929192,1.0
125,P10644,0.86489534,0.9637516,0.70704484,0.82450515,0.94318265,0.9534149,0.745669,0.8574948,1.0
126,P11047,0.21663482,0.49884444,0.8235304,0.5384829,0.68591934,0.7200305,0.86003476,0.62049675,1.0
127,P11049,0.46807447,0.6811216,0.7826111,0.16411884,0.77631944,0.7416325,0.3360444,0.5642746,1.0
128,P11226,0.93004715,0.60915,0.9604044,0.24279359,0.7638342,0.9990885,0.9718308,0.7824498,1.0
129,P11233,0.73937714,0.9801998,0.97048855,0.8377706,0.39349934,0.9606121,0.7976672,0.81137353,1.0
130,P11488,0.3568891,0.8798248,0.6324659,0.97505164,0.55385655,0.47348532,0.54580003,0.6310533,1.0
131,P11597,0.91217315,0.677907,0.91072553,0.9078321,0.91429466,0.6010338,0.596919,0.78869784,1.0
132,P11684,0.33568323,0.3279637,0.8882088,0.19047764,0.7646402,0.45182294,0.6672456,0.518006,0.0
133,P12081,0.2436872,0.8916908,0.863411,0.9293496,0.7433712,0.97075516,0.6287273,0.75299895,1.0
134,P12644,0.77496845,0.3400105,0.9275109,0.24078418,0.39342317,0.80246127,0.9399986,0.63130814,1.0
135,P13010,0.83533275,0.38407287,0.48092133,0.23303258,0.93306667,0.6471127,0.9672629,0.6401145,1.0
136,P13051,0.18582164,0.542703,0.560106,0.2921082,0.34863928,0.70494986,0.49184042,0.44659546,0.0
137,P13056,0.4541118,0.73412997,0.9805524,0.47187942,0.22424382,0.49919876,0.7377979,0.5859877,0.0
138,P13501,0.96077937,0.94793844,0.9722268,0.9726752,0.9991667,0.99632335,0.952995,0.97172934,1.0
139,P13612,0.88700604,0.8984365,0.82856196,0.95930237,0.9784635,0.8683967,0.72504425,0.87788737,1.0
140,P13688,0.95272386,0.4477572,0.67562526,0.5946465,0.83323747,0.5572628,0.9096827,0.7101337,1.0
141,P13804,0.9798085,0.9982704,0.9947214,0.983053,0.99802065,0.9961249,0.99751556,0.99250203,1.0
142,P13805,0.03178542,0.13086039,0.10302538,0.049341828,0.023164166,0.023689168,0.028865414,0.055818826,0.0
143,P13807,0.9246981,0.76392066,0.83965564,0.74135274,0.991297,0.91124827,0.82525647,0.8567756,1.0
144,P13861,0.96194404,0.367859,0.24949463,0.18697804,0.8335121,0.33709535,0.44027182,0.4824507,0.0
145,P13929,0.8884308,0.9947818,0.9848526,0.97321916,0.9711067,0.99591345,0.9241812,0.9617837,1.0
146,P14174,0.7020743,0.894499,0.7499051,0.42814526,0.8716538,0.8994446,0.88668305,0.77605784,1.0
147,P14649,0.03991763,0.18101285,0.062021837,0.23640588,0.2603873,0.14112268,0.13332517,0.15059905,0.0
148,P14927,0.7203421,0.98539066,0.85315627,0.8196194,0.9910192,0.5459763,0.9800729,0.84222525,1.0
149,P15151,0.23824212,0.8000524,0.86688405,0.8616887,0.03232064,0.15424675,0.9779611,0.561628,1.0
150,P15170,0.086882055,0.45389402,0.8589865,0.5529743,0.23214984,0.19206251,0.4718017,0.40696445,0.0
151,P15259,0.98100626,0.88096577,0.30140823,0.9058797,0.6301899,0.94358027,0.8743356,0.78819513,1.0
152,P15382,0.88483936,0.5212162,0.7087506,0.37186828,0.94478774,0.9730556,0.8052843,0.7442575,1.0
153,P15813,0.8476492,0.97179383,0.9676018,0.9309248,0.80918694,0.87685156,0.76223236,0.88089144,1.0
154,P16112,0.35555673,0.14191927,0.39627323,0.3058005,0.116804086,0.040449195,0.15446037,0.21589477,0.0
155,P16144,0.6709939,0.5256726,0.5398589,0.981989,0.63776433,0.5161296,0.6753402,0.64967835,1.0
156,P16284,0.9547005,0.5676549,0.9561283,0.90014094,0.64656013,0.727662,0.6117524,0.7663713,1.0
157,P16298,0.89350134,0.6373773,0.75111353,0.94315845,0.6946415,0.732411,0.9671934,0.802771,1.0
158,P16402,0.63136965,0.9634997,0.597595,0.9234305,0.91097325,0.82596195,0.922934,0.8251091,1.0
159,P16442,0.24139862,0.1469002,0.08412809,0.22125885,0.016418219,0.6796148,0.25223985,0.23456551,0.0
160,P16452,0.6372425,0.54532266,0.21263163,0.2836485,0.90240353,0.6692488,0.3469742,0.51392454,1.0
161,P16520,0.40261576,0.13196196,0.30377108,0.29360923,0.43007597,0.22723593,0.08483625,0.26772946,0.0
162,P16615,0.97968274,0.9822447,0.99506086,0.9973239,0.966765,0.99120235,0.9851635,0.98534906,1.0
163,P16930,0.8808139,0.9556878,0.96397877,0.9812717,0.8225393,0.864042,0.54104793,0.858483,1.0
164,P17213,0.5719393,0.63244265,0.94874287,0.2505357,0.68702114,0.6824908,0.642312,0.6307835,1.0
165,P17600,0.0723288,0.046209965,0.24473542,0.027632104,0.43900898,0.18088661,0.016875487,0.14681105,0.0
166,P17676,0.20065686,0.97767264,0.39583072,0.24830738,0.9397302,0.590198,0.44554216,0.54256254,0.0
167,P17813,0.76776403,0.1512733,0.7496108,0.86807966,0.7928514,0.37848556,0.30196062,0.5728608,1.0
168,P17980,0.5109202,0.5774327,0.80884814,0.67414665,0.44247457,0.7117566,0.4147037,0.59146893,1.0
169,P18031,0.9305963,0.85696274,0.9054779,0.2602944,0.9625341,0.9218187,0.45817927,0.7565519,1.0
170,P18085,0.23444484,0.98756105,0.37837294,0.9548955,0.772393,0.8679868,0.96494794,0.7372288,1.0
171,P18509,0.53892887,0.68290603,0.49481386,0.20120762,0.69636995,0.5804548,0.23283347,0.48964494,1.0
172,P18564,0.8399783,0.83685786,0.7469114,0.9671975,0.31425706,0.25445414,0.378258,0.61970204,1.0
173,P19105,0.8527352,0.92950195,0.75119025,0.29389408,0.49982148,0.17451258,0.87265617,0.6249017,1.0
174,P19429,0.10997147,0.2759785,0.48758844,0.33704484,0.2902462,0.39638007,0.113139965,0.2871928,0.0
175,P19622,0.0062904297,0.0036153707,0.006233619,0.005700456,0.033375707,0.007245107,0.029748302,0.013172714,0.0
176,P19883,0.13426793,0.8019919,0.70696,0.5940462,0.28683314,0.4029469,0.6650015,0.5131497,1.0
177,P20231,0.82640517,0.17962764,0.42208114,0.7075675,0.6826437,0.7393516,0.85157293,0.62989277,1.0
178,P20248,0.73311317,0.75686604,0.8369874,0.8915306,0.6074159,0.15660636,0.9103299,0.6989785,1.0
179,P20292,0.10855622,0.21197413,0.057438977,0.38590732,0.05635863,0.1815559,0.32298645,0.18925396,0.0
180,P20339,0.31150046,0.36631823,0.2871567,0.8291082,0.08261679,0.9053018,0.7840928,0.50944215,0.0
181,P20393,0.31825548,0.4913728,0.11787689,0.30307806,0.022760391,0.16070467,0.2237799,0.23397544,0.0
182,P20472,0.9470159,0.98054814,0.87107617,0.80972254,0.9656118,0.42667067,0.9775963,0.8540345,1.0
183,P20807,0.27607226,0.6420573,0.54528195,0.32062712,0.16979289,0.1621137,0.35839373,0.353477,0.0
184,P20823,0.33091608,0.5795485,0.1053977,0.25980657,0.32091507,0.025941454,0.087848194,0.2443391,0.0
185,P21108,0.29819715,0.24514033,0.31189173,0.48423252,0.19614266,0.28545114,0.3760271,0.31386894,0.0
186,P21452,0.85084355,0.4087747,0.3732802,0.8167347,0.9860626,0.8599505,0.52425086,0.68855673,1.0
187,P21580,0.42297095,0.21784166,0.20970769,0.2479813,0.23201253,0.303429,0.45194104,0.29798344,0.0
188,P21731,0.9765356,0.919858,0.99889565,0.96638006,0.9563172,0.97753805,0.9668802,0.96605784,1.0
189,P21810,0.93491966,0.9419377,0.54663336,0.6317716,0.95415205,0.46325272,0.26095358,0.67623144,1.0
190,P21912,0.6838599,0.53341204,0.38760135,0.4788588,0.8547318,0.6939232,0.17727232,0.5442371,1.0
191,P21926,0.7597322,0.7655485,0.9794902,0.88204074,0.74465185,0.9370598,0.9777324,0.8637509,1.0
192,P22061,0.8246281,0.95574766,0.84226626,0.28074235,0.9464477,0.71552324,0.5784529,0.7348298,1.0
193,P22083,0.032285664,0.07518784,0.1946935,0.012093696,0.008743508,0.20975396,0.04383795,0.08237087,0.0
194,P22087,0.7319271,0.9465866,0.48435813,0.35715136,0.62842226,0.8452384,0.9755445,0.70988977,1.0
195,P22301,0.5424255,0.9877517,0.71660495,0.74244934,0.6645621,0.6705182,0.8398805,0.7377418,1.0
196,P22314,0.8510093,0.67012155,0.8984518,0.52295893,0.8965322,0.93512094,0.9701791,0.8206248,1.0
197,P22528,0.00081119157,0.0007035583,0.00012813446,0.002864831,0.0012342059,0.0051330444,0.0027150512,0.0019414311,0.0
198,P22681,0.33070242,0.16396391,0.880718,0.41117024,0.13866737,0.6510396,0.7994261,0.4822411,0.0
199,P22695,0.56369823,0.8254177,0.8558723,0.69134,0.87594527,0.8893469,0.8532118,0.7935475,1.0
200,P22749,0.2782398,0.6188979,0.6016575,0.32435453,0.16159627,0.09676169,0.22039826,0.32884368,0.0
201,P22760,0.5718397,0.9403819,0.58167213,0.9166588,0.98102003,0.94427717,0.5253192,0.780167,1.0
202,P22891,0.99842924,0.9853431,0.99681526,0.99039245,0.998862,0.994871,0.99868494,0.9947711,1.0
203,P22894,0.79484665,0.98168415,0.86143357,0.84397835,0.5918012,0.93433386,0.56513596,0.7961734,1.0
204,P23083,0.45745403,0.7179849,0.7200664,0.050891094,0.56955165,0.3252734,0.09023838,0.41877994,0.0
205,P23276,0.8425195,0.9692807,0.8386934,0.9550202,0.98898065,0.8368437,0.9355306,0.9095527,1.0
206,P23284,0.9913017,0.98730695,0.9793444,0.97422534,0.927551,0.98331773,0.9185724,0.96594566,1.0
207,P23467,0.67942727,0.41290265,0.75459725,0.36805218,0.9475087,0.7370974,0.25752014,0.5938722,1.0
208,P23677,0.1992982,0.2556435,0.03350562,0.18382849,0.009099004,0.013262151,0.15482076,0.1213511,0.0
209,P23919,0.2815332,0.33048224,0.1490945,0.48529863,0.84265316,0.90703696,0.5727903,0.5098413,0.0
210,P23946,0.76096714,0.9319026,0.67570245,0.964493,0.717674,0.81968117,0.96184653,0.83318096,1.0
211,P24158,0.18054548,0.107415915,0.6436426,0.383707,0.22930837,0.6921609,0.42277575,0.37993655,0.0
212,P24347,0.960562,0.17980094,0.8019872,0.7743335,0.26990822,0.4851311,0.47688884,0.5640874,0.0
213,P24557,0.21511157,0.81164557,0.43983796,0.779379,0.90184563,0.5107351,0.81193304,0.63864106,1.0
214,P25098,0.9953401,0.9989254,0.9877724,0.7458593,0.99266535,0.9770885,0.99532145,0.95613897,1.0
215,P25786,0.9738816,0.89353275,0.77896243,0.6754556,0.9394615,0.27611685,0.67637014,0.74482584,1.0
216,P25787,0.98714393,0.9947161,0.97775877,0.9821447,0.9594352,0.9621214,0.9888841,0.97888625,1.0
217,P25788,0.6721039,0.9334344,0.71631056,0.62470543,0.9716239,0.98005116,0.59824425,0.7852105,1.0
218,P25789,0.6455786,0.75987625,0.6201265,0.8791037,0.4628841,0.7454076,0.63069254,0.6776671,1.0
219,P25929,0.9734074,0.98489815,0.8956405,0.97751766,0.9863694,0.977692,0.99950945,0.9707192,1.0
220,P25942,0.6115096,0.38804737,0.46058846,0.9143172,0.8261429,0.6928588,0.84793454,0.6773427,1.0
221,P26196,0.342444,0.13177642,0.55439144,0.69957834,0.10567096,0.7181541,0.5683973,0.4457732,1.0
222,P26572,0.2797884,0.17556773,0.72867674,0.6714922,0.1395379,0.9480482,0.052248385,0.4279085,0.0
223,P27037,0.9951735,0.8641182,0.98734426,0.97443855,0.9966827,0.97442573,0.9947695,0.9695646,1.0
224,P27348,0.66865456,0.7412856,0.8030168,0.7958082,0.70845175,0.9482117,0.8229868,0.78405935,1.0
225,P27695,0.870039,0.8147977,0.95705616,0.8320169,0.9280798,0.98568696,0.969936,0.9082303,1.0
226,P27986,0.4487606,0.30932873,0.9341624,0.08104567,0.061635315,0.4177727,0.69728744,0.42142752,0.0
227,P28066,0.49675086,0.9802018,0.8565621,0.61293715,0.87000126,0.98168796,0.09398214,0.6988748,1.0
228,P28070,0.9284082,0.8761035,0.94092524,0.96437544,0.59437364,0.91934,0.827844,0.8644815,1.0
229,P28072,0.5145201,0.8751418,0.8515306,0.96144515,0.9018678,0.86486226,0.85159576,0.8315663,1.0
230,P28476,0.9452576,0.9703636,0.81713563,0.97398573,0.96585274,0.97078514,0.9578348,0.9430307,1.0
231,P28838,0.8713827,0.9959281,0.98805326,0.9684226,0.9985092,0.9983771,0.8732935,0.9562809,1.0
232,P29965,0.34826058,0.4383645,0.20419239,0.48254263,0.03686746,0.16663617,0.14822544,0.26072702,0.0
233,P30039,0.8219721,0.86582404,0.574225,0.51115453,0.98287153,0.6084276,0.5307974,0.6993246,1.0
234,P30040,0.78037393,0.9199713,0.73847383,0.9573743,0.97430915,0.87487656,0.91482574,0.88002926,1.0
235,P30046,0.6789843,0.3916681,0.96678615,0.60689056,0.92402554,0.27663714,0.9434935,0.6840693,1.0
236,P30047,0.4854149,0.3839766,0.1925913,0.7653776,0.37963542,0.049504794,0.19042079,0.3495602,0.0
237,P30048,0.94978225,0.60931504,0.95563644,0.47010055,0.9943246,0.9275724,0.9241125,0.8329777,1.0
238,P30050,0.72925,0.31557304,0.2545017,0.18730474,0.18113306,0.27347893,0.51636237,0.3510863,0.0
239,P30153,0.5795835,0.075415514,0.7291941,0.4025725,0.07074266,0.32549477,0.72660625,0.41565847,0.0
240,P30203,0.5622325,0.70681185,0.80214274,0.8798738,0.4112393,0.8021148,0.5593369,0.67482173,1.0
241,P30260,0.37577906,0.030300299,0.23180486,0.22976358,0.13339175,0.14066574,0.20452936,0.19231924,0.0
242,P30301,0.94050443,0.9550054,0.6166683,0.3378692,0.8400332,0.720593,0.92428815,0.7621374,1.0
243,P30304,0.2925821,0.21630834,0.15572971,0.12795846,0.23748374,0.06427926,0.1503532,0.17781356,0.0
244,P30305,0.27695364,0.2578616,0.42451003,0.13367334,0.10124305,0.075590424,0.4822947,0.2503038,0.0
245,P30307,0.97116125,0.15291524,0.36330634,0.68080807,0.6066208,0.14707005,0.7009343,0.51754516,1.0
246,P30419,0.96023697,0.9570815,0.872461,0.89948994,0.44655818,0.80409527,0.8631237,0.8290067,1.0
247,P30550,0.98738956,0.28692284,0.89537555,0.7557547,0.918469,0.24442519,0.9318227,0.71716565,1.0
248,P30740,0.98889494,0.9974546,0.9767752,0.78836584,0.8878602,0.98379105,0.89769673,0.9315484,1.0
249,P30793,0.45547125,0.31984696,0.21438813,0.51036614,0.8082469,0.35017285,0.22891377,0.41248655,0.0
250,P30990,0.816447,0.21651773,0.57205164,0.19386591,0.10959037,0.4067783,0.8814156,0.45666665,0.0
251,P31323,0.970347,0.38266084,0.31179598,0.69695467,0.4974021,0.8933231,0.6377168,0.6271715,1.0
252,P31751,0.9998671,0.99992776,0.99954444,0.9966899,0.995998,0.99283457,0.9992083,0.99772435,1.0
253,P31930,0.7899715,0.8989677,0.9722553,0.87091833,0.95039445,0.71713954,0.94300216,0.87752134,1.0
254,P31949,0.9177316,0.9710886,0.96056795,0.8959064,0.9878852,0.8657752,0.79290986,0.91312355,1.0
255,P32019,0.7609971,0.9494396,0.6958021,0.23930494,0.6451487,0.52438545,0.23987514,0.579279,1.0
256,P32970,0.18887146,0.0706193,0.24041127,0.30254948,0.033235755,0.16992977,0.18053661,0.16945052,0.0
257,P33316,0.05512812,0.75108945,0.71034604,0.7703549,0.22842245,0.67056185,0.5023971,0.5269,1.0
258,P34096,0.65174,0.12452353,0.83194333,0.4737811,0.77347696,0.6327079,0.844933,0.6190151,1.0
259,P34913,0.99376076,0.99527884,0.9483134,0.9753053,0.9956018,0.99518126,0.946508,0.9785642,1.0
260,P34932,0.18707559,0.83404934,0.11638464,0.3351784,0.56741965,0.50734967,0.22474907,0.3960295,0.0
261,P35030,0.8671817,0.46778077,0.93565327,0.8568055,0.5229195,0.94950694,0.5810026,0.7401215,1.0
262,P35080,0.47181404,0.8094601,0.64735186,0.8128842,0.9721147,0.6891716,0.94604397,0.7641201,1.0
263,P35232,0.9296136,0.9497255,0.975544,0.9467171,0.8906528,0.94525725,0.9753387,0.94469273,1.0
264,P35241,0.7592858,0.71930003,0.23067634,0.1981165,0.43092924,0.08453083,0.7791046,0.4574205,0.0
265,P35243,0.20769955,0.7474534,0.88187104,0.993923,0.8251277,0.87179804,0.87333775,0.7716015,1.0
266,P35247,0.98897374,0.98009896,0.98769194,0.77605814,0.94639516,0.93793726,0.996003,0.94473696,1.0
267,P35270,0.7968477,0.7696431,0.84342396,0.5836396,0.85390013,0.57905215,0.9149325,0.7630628,1.0
268,P35558,0.93352985,0.90454847,0.9849893,0.8691154,0.98834944,0.99537224,0.955396,0.9473287,1.0
269,P35568,0.19,0.078104496,0.6436536,0.27047837,0.17819965,0.6605399,0.36802414,0.34128574,0.0
270,P35625,0.22000033,0.5126758,0.6543189,0.68322194,0.13182738,0.9112036,0.6257071,0.5341365,1.0
271,P35626,0.946308,0.9644558,0.99247026,0.35590276,0.95575094,0.8446442,0.9479494,0.8582116,1.0
272,P35749,0.6377097,0.49737728,0.18830469,0.9283202,0.049746145,0.46632633,0.8746074,0.52034163,0.0
273,P35914,0.9834451,0.97596675,0.99916816,0.9675455,0.99647635,0.9946402,0.9964109,0.9876647,1.0
274,P36405,0.23931071,0.37121603,0.021650393,0.6860159,0.24548951,0.17974412,0.18510003,0.2755038,0.0
275,P36873,0.9623558,0.9753084,0.95804286,0.987911,0.4196329,0.6630284,0.9409179,0.84388536,1.0
276,P36952,0.912291,0.9195109,0.33559474,0.34068048,0.69450754,0.79369324,0.27542698,0.6102436,1.0
277,P36959,0.7347604,0.79780996,0.57064444,0.85259676,0.7372007,0.64649415,0.5802842,0.70282716,1.0
278,P37023,0.99936634,0.97633594,0.9987531,0.9940766,0.9943711,0.9985417,0.99915826,0.9943719,1.0
279,P37268,0.4324145,0.84014755,0.66625124,0.7834547,0.5616323,0.57161087,0.92249006,0.6825716,1.0
280,P40145,0.8995282,0.8272256,0.90642375,0.96934164,0.92410016,0.985207,0.84607613,0.90827173,1.0
281,P40429,0.11747966,0.8264633,0.81027997,0.86822367,0.3100831,0.66004914,0.9198277,0.6446295,1.0
282,P40616,0.041268054,0.91524076,0.16514978,0.034189265,0.04466564,0.6619078,0.8644425,0.38955197,0.0
283,P40763,0.5436219,0.86185217,0.92582697,0.43398935,0.9370748,0.91270304,0.9605927,0.796523,1.0
284,P41091,0.9615094,0.82360077,0.80040485,0.89992994,0.6365283,0.8639611,0.8763674,0.8374718,1.0
285,P41231,0.60141927,0.6302573,0.98384434,0.9965827,0.8674853,0.87073654,0.76359046,0.8162737,1.0
286,P41252,0.11571102,0.5811434,0.93340224,0.92893994,0.57303274,0.6800177,0.62934506,0.6345132,1.0
287,P41597,0.99568874,0.8592204,0.9875964,0.9559406,0.98783165,0.8303377,0.9926911,0.9441866,1.0
288,P42126,0.94997954,0.9912067,0.95289,0.85664946,0.9944748,0.940189,0.9665992,0.950284,1.0
289,P42768,0.87722987,0.09713766,0.040304758,0.19325355,0.1978424,0.26054358,0.3925347,0.29412094,0.0
290,P42892,0.9922828,0.85983175,0.9681607,0.99419564,0.9937807,0.9911733,0.9747216,0.96773523,1.0
291,P43007,0.9787926,0.9987935,0.99458545,0.9983113,0.94397444,0.98087823,0.9938712,0.9841724,1.0
292,P43080,0.48567784,0.96109456,0.9037927,0.9247087,0.92530113,0.7303742,0.6712492,0.80031407,1.0
293,P43115,0.20634383,0.8698573,0.26552087,0.82585984,0.9814875,0.7457645,0.81937563,0.6734585,1.0
294,P43235,0.2971868,0.12508507,0.7245366,0.37357044,0.97822297,0.1283821,0.5705991,0.4567976,0.0
295,P43490,0.92813146,0.97570145,0.9708046,0.867622,0.9853866,0.8360905,0.99869883,0.93749076,1.0
296,P45452,0.97644967,0.98962563,0.98116726,0.8634584,0.9602885,0.96517754,0.9391538,0.9536172,1.0
297,P45877,0.90162665,0.49097016,0.28424224,0.5208007,0.9678437,0.8859372,0.34808818,0.62850136,1.0
298,P45880,0.47636822,0.7384459,0.97777116,0.9013605,0.84346765,0.98304063,0.99298906,0.8447776,1.0
299,P45984,0.9942994,0.91421765,0.9983827,0.9968316,0.9328222,0.95783067,0.97320366,0.96679825,1.0
300,P45985,0.99900395,0.9980677,0.9968399,0.99265504,0.9849686,0.99148643,0.9943856,0.9939154,1.0
301,P46459,0.2765407,0.9924752,0.87027884,0.9602816,0.8699852,0.65354884,0.84505284,0.78116614,1.0
302,P46926,0.9902326,0.9905191,0.9910386,0.95004815,0.96545935,0.9789109,0.97677034,0.97756845,1.0
303,P46976,0.9913283,0.9782281,0.9833651,0.8804754,0.55481356,0.94348615,0.53186816,0.8376521,1.0
304,P47929,0.5373432,0.61614287,0.030657269,0.5239484,0.3683834,0.19241285,0.38224235,0.37873292,0.0
305,P47985,0.093130104,0.027366802,0.30483282,0.1233344,0.34368664,0.021448797,0.24542803,0.16560395,0.0
306,P48066,0.997514,0.9743705,0.9249363,0.87560475,0.97169006,0.970604,0.91518825,0.9471297,1.0
307,P48449,0.98900104,0.96620774,0.682752,0.9594035,0.94590116,0.81952006,0.70070696,0.8662132,1.0
308,P48552,0.015473182,0.010025225,0.018459229,0.00933638,0.008005391,0.030771839,0.0375775,0.01852125,0.0
309,P48651,0.7024093,0.95379543,0.04835362,0.76985896,0.28783014,0.5061494,0.7069697,0.56790954,1.0
310,P49137,0.9831473,0.9638555,0.98207825,0.99743086,0.9629885,0.9888588,0.9989704,0.9824757,1.0
311,P49247,0.93503606,0.87014854,0.52741265,0.92513865,0.967675,0.9705738,0.851616,0.863943,1.0
312,P49336,0.9886503,0.98307115,0.9679139,0.43087184,0.38554773,0.9064206,0.97598433,0.8054943,1.0
313,P49366,0.8372346,0.5078034,0.6947998,0.83423895,0.74865866,0.957206,0.8599234,0.7771236,1.0
314,P49588,0.9575149,0.9956163,0.9752305,0.9846319,0.91659975,0.9908201,0.97926956,0.9713832,1.0
315,P49591,0.6009367,0.53765297,0.9330049,0.83144355,0.3639684,0.5127362,0.39790332,0.5968066,1.0
316,P49619,0.112206884,0.94200784,0.53175056,0.5682744,0.20493072,0.3084715,0.3525034,0.43144932,0.0
317,P49662,0.76901656,0.9670904,0.8931029,0.36500043,0.084969364,0.0986226,0.4970716,0.524982,0.0
318,P49720,0.894135,0.96937436,0.85464394,0.8955767,0.99704427,0.9697751,0.9717594,0.93604416,1.0
319,P49747,0.38488618,0.028457453,0.12140569,0.5059945,0.16157423,0.19715366,0.7822246,0.31167093,0.0
320,P49789,0.9879441,0.9537074,0.8240738,0.93840504,0.9387936,0.66796255,0.91833365,0.8898886,1.0
321,P49862,0.39116913,0.038468115,0.3250255,0.5826368,0.21394074,0.66667503,0.06575253,0.32623824,0.0
322,P49913,0.10750599,0.06065185,0.5514498,0.2228393,0.25321636,0.14917548,0.31364557,0.23692633,0.0
323,P50281,0.95640105,0.94238985,0.670133,0.9475606,0.73559165,0.8703265,0.76834595,0.8415355,1.0
324,P50391,0.94403803,0.76628953,0.95096684,0.7760841,0.97108835,0.40822393,0.025880624,0.69179595,1.0
325,P50607,0.0021831277,0.034327846,0.006287718,0.011615265,0.002113519,0.049972706,0.028707817,0.019315427,0.0
326,P51003,0.4857524,0.019985324,0.0057193083,0.24218412,0.046647877,0.023303337,0.4143743,0.17685238,0.0
327,P51149,0.4125473,0.9083051,0.82230127,0.7576071,0.42279723,0.26099268,0.9685098,0.65043724,1.0
328,P51151,0.037544753,0.096866734,0.3302861,0.0775004,0.4210583,0.40856534,0.6107366,0.28322262,0.0
329,P51178,0.84737384,0.8557676,0.7143417,0.55014664,0.8691547,0.5216834,0.23217559,0.6558061,1.0
330,P51511,0.94964796,0.94717866,0.89075667,0.9866137,0.67122734,0.96523404,0.92633694,0.90528506,1.0
331,P51512,0.8874009,0.8192675,0.92874223,0.9286896,0.61737156,0.43718997,0.93753433,0.7937423,1.0
332,P51570,0.84883755,0.57095253,0.81651676,0.17009306,0.8274189,0.7823611,0.41233212,0.63264453,1.0
333,P51671,0.75607604,0.9597043,0.88472104,0.8515624,0.6801604,0.61219805,0.35327542,0.72824246,1.0
334,P51686,0.73381734,0.8976275,0.48666513,0.7686442,0.9639111,0.5795392,0.4769846,0.701027,1.0
335,P51687,0.22980931,0.71891826,0.19866326,0.61294514,0.6099017,0.6326605,0.7861273,0.5412894,1.0
336,P51800,0.54592675,0.8656138,0.84195966,0.8611733,0.55463374,0.6909851,0.9081726,0.75263786,1.0
337,P51828,0.93880874,0.9348925,0.9512942,0.86167866,0.98380035,0.8628665,0.8842344,0.9167965,1.0
338,P52597,0.7900449,0.93660396,0.9672153,0.561044,0.9835963,0.9925661,0.75720614,0.8554681,1.0
339,P52732,0.0022582642,0.005709022,0.0024568583,0.008606881,0.015007472,0.0031105399,0.003711724,0.0058372514,0.0
340,P52788,0.8818176,0.94183743,0.7840427,0.9660503,0.9371414,0.70160764,0.5403299,0.8218325,1.0
341,P52848,0.8845327,0.8604998,0.8106995,0.9263618,0.8722019,0.7691871,0.8296104,0.8504419,1.0
342,P52961,0.779458,0.283647,0.62600374,0.8091692,0.62360865,0.8590885,0.8674634,0.69263405,1.0
343,P53041,0.9095069,0.81007344,0.965149,0.86406744,0.89859796,0.5360742,0.643376,0.8038349,1.0
344,P53420,0.011956157,0.062752515,0.18970582,0.069910474,0.2942096,0.2495393,0.013561428,0.12737647,0.0
345,P53582,0.8852802,0.38369444,0.75828,0.90092206,0.9317575,0.79530406,0.7453075,0.7715065,1.0
346,P53609,0.1807554,0.35523763,0.7279516,0.20855783,0.8978151,0.5343082,0.6180987,0.50324637,1.0
347,P53611,0.96110183,0.9726031,0.89924127,0.5161373,0.5250567,0.789876,0.6274188,0.75591934,1.0
348,P53778,0.9984692,0.9972065,0.9994824,0.99622595,0.96428263,0.99037933,0.955259,0.9859007,1.0
349,P53779,0.9706161,0.98920155,0.9916882,0.99129665,0.95240426,0.99756765,0.9932532,0.9837182,1.0
350,P54278,0.08293819,0.15405847,0.16041991,0.17495376,0.039691225,0.058189504,0.11528833,0.11221991,0.0
351,P54317,0.6668857,0.86302906,0.96820885,0.8217677,0.99009013,0.7885508,0.76450783,0.83757716,1.0
352,P54578,0.5022898,0.63554645,0.59153587,0.61565983,0.11704954,0.41620728,0.28640196,0.45209864,1.0
353,P54652,0.5163374,0.9711524,0.20836708,0.85883874,0.53014743,0.86076194,0.3910013,0.61951524,1.0
354,P55072,0.9744757,0.98113626,0.7073759,0.29383662,0.6640782,0.99495596,0.996741,0.8017999,1.0
355,P55196,0.80022717,0.046520006,0.026567655,0.21577449,0.2515132,0.43220875,0.38674903,0.3085086,0.0
356,P55210,0.9943652,0.50606745,0.9882636,0.9257584,0.14477412,0.91098344,0.9233593,0.77051026,1.0
357,P55769,0.70441324,0.22359046,0.20448221,0.19058307,0.32200137,0.036313217,0.59846157,0.32569215,0.0
358,P56817,0.9976839,0.980478,0.9006406,0.99075305,0.96059585,0.98045117,0.9647508,0.9679076,1.0
359,P58335,0.2406259,0.23935375,0.6059336,0.84142596,0.67425793,0.98058915,0.3235663,0.5579646,1.0
360,P59998,0.46791852,0.5272631,0.2507083,0.32421398,0.48349202,0.42568827,0.26073998,0.39143205,0.0
361,P60006,0.10036507,0.003975905,0.0019723715,0.0034752304,0.0072034323,0.0027689121,0.003175044,0.017562281,0.0
362,P60008,0.02915108,0.34621415,0.017830333,0.016678344,0.05544389,0.08936156,0.16103546,0.10224497,0.0
363,P60014,0.0016151861,0.044979807,0.0036924793,0.0007081989,0.005683055,0.0015150338,0.0012690998,0.008494695,0.0
364,P60022,0.12727469,0.03374899,0.7072846,0.24851692,0.07444843,0.21178079,0.24479102,0.2354065,0.0
365,P60033,0.32670358,0.9547927,0.9323761,0.5649679,0.698738,0.93455756,0.88670295,0.75697696,1.0
366,P60059,0.98127687,0.9822298,0.8216773,0.24969275,0.25982246,0.82197344,0.9575114,0.72488344,1.0
367,P60201,0.92882305,0.6108652,0.6896879,0.56135195,0.8983176,0.9398472,0.92956597,0.79406554,1.0
368,P60370,0.0010624749,0.029599898,0.016144691,0.0017400358,0.08212176,0.057034228,0.0069199316,0.027803289,0.0
369,P60409,0.0036412405,0.23214903,0.0034817692,0.004591285,0.037385292,0.0019360092,0.0023998201,0.04079778,0.0
370,P60410,0.010667366,0.038279515,0.007936589,0.0026337511,0.050001904,0.032437872,0.017464358,0.022774478,0.0
371,P60484,0.901709,0.75571793,0.9648354,0.8635287,0.7641522,0.90125483,0.8693167,0.8600735,1.0
372,P60507,0.23835362,0.34452322,0.22700492,0.40357712,0.8830373,0.05087586,0.623462,0.39583343,0.0
373,P60508,0.5604509,0.405069,0.95076704,0.9716737,0.79034406,0.23108247,0.9115009,0.6886983,1.0
374,P60510,0.9744342,0.92432696,0.98191327,0.9806999,0.89393276,0.8395331,0.9041531,0.9284276,1.0
375,P60520,0.36256152,0.50174093,0.94346917,0.5154989,0.2931746,0.862953,0.8205415,0.61427706,1.0
376,P60602,0.66305304,0.13044424,0.13778156,0.4546052,0.64836687,0.10968193,0.03267637,0.31094417,0.0
377,P60604,0.52636385,0.585519,0.40415573,0.23342502,0.60381114,0.36635512,0.24703753,0.42380968,0.0
378,P60660,0.7683131,0.90696716,0.7230811,0.6251695,0.7744747,0.9900794,0.92153513,0.81566,1.0
379,P60709,0.9496629,0.93719006,0.99403965,0.97641057,0.9610361,0.98813105,0.93788046,0.9634787,1.0
380,P60900,0.9839971,0.84687513,0.9607627,0.9751507,0.61842805,0.9944998,0.9920482,0.9102517,1.0
381,P60903,0.99365646,0.9369274,0.81353986,0.6886001,0.984963,0.9455116,0.8706844,0.8905547,1.0
382,P60953,0.9590001,0.9981609,0.89621323,0.9491653,0.7019729,0.9393294,0.9919416,0.91939765,1.0
383,P60981,0.9824157,0.83273643,0.44206035,0.94501,0.8807774,0.58338076,0.8072365,0.78194535,1.0
384,P61158,0.9978067,0.9886608,0.99573463,0.98489815,0.96846026,0.8708177,0.99536574,0.9716777,1.0
385,P61160,0.96393913,0.86385256,0.9758995,0.9680452,0.9003843,0.5001437,0.98641473,0.8798113,1.0
386,P61313,0.8792113,0.98300135,0.6018979,0.7313556,0.17409016,0.542879,0.8156994,0.6754479,1.0
387,P61457,0.62545866,0.33282584,0.47820833,0.27794448,0.9167927,0.2756853,0.6549664,0.5088402,0.0
388,P61586,0.9866759,0.9978777,0.9874823,0.6906211,0.73655933,0.9972977,0.9672564,0.90911007,1.0
389,P61587,0.009426939,0.059221923,0.048424397,0.032752022,0.1502033,0.08049247,0.027222486,0.058249075,0.0
390,P61604,0.98715395,0.999275,0.9828857,0.99406886,0.9936401,0.9712204,0.9378023,0.98086375,1.0
391,P61812,0.77542067,0.68637735,0.73124766,0.977797,0.7905756,0.4357857,0.7781734,0.73933965,1.0
392,P61925,0.1193108,0.3338498,0.35396194,0.05240241,0.15857087,0.07937944,0.039705813,0.16245444,0.0
393,P61927,0.011539109,0.04476462,0.0014663439,0.016181929,0.05725519,0.018467251,0.17690898,0.04665478,0.0
394,P62136,0.9898735,0.976181,0.99044436,0.9769721,0.85848546,0.9779041,0.886609,0.9509242,1.0
395,P62258,0.31998256,0.926714,0.41719514,0.9761741,0.89020145,0.95372343,0.95116097,0.7764502,1.0
396,P62330,0.4442664,0.6232802,0.20124562,0.17084393,0.11264783,0.36530003,0.4578762,0.33935145,0.0
397,P62491,0.15277159,0.32865167,0.33000836,0.102971934,0.0114412205,0.3957354,0.41248137,0.24772307,0.0
398,P62736,0.21351069,0.9910392,0.9501276,0.95556414,0.8396169,0.98828655,0.943308,0.8402075,1.0
399,P62826,0.9950622,0.92599946,0.97499406,0.97091496,0.9831306,0.99606955,0.9971752,0.9776208,1.0
400,P62829,0.54020345,0.87394726,0.045397103,0.7860324,0.4317729,0.96250474,0.98359424,0.6604932,1.0
401,P62837,0.14995655,0.036399085,0.08539091,0.3893785,0.08590411,0.15075254,0.23910397,0.16241224,0.0
402,P62913,0.65845686,0.70599693,0.83082956,0.9478724,0.5204813,0.91953146,0.8324199,0.7736555,1.0
403,P62917,0.51048684,0.60538024,0.5158993,0.56777436,0.73866934,0.43454257,0.9647575,0.61964434,1.0
404,P63092,0.97455525,0.8159529,0.7048074,0.9717557,0.19688912,0.4782641,0.67990744,0.688876,1.0
405,P63096,0.32723814,0.7084474,0.6777961,0.9021758,0.3980869,0.6498651,0.5559802,0.6027985,1.0
406,P63104,0.63677007,0.87091064,0.81285125,0.93250513,0.3809896,0.9083298,0.2425756,0.68356174,1.0
407,P63151,0.5643154,0.12864606,0.064670235,0.080538355,0.2664673,0.18624003,0.07283863,0.19481657,0.0
408,P63208,0.76936287,0.038182992,0.5922062,0.11868744,0.070799336,0.11066708,0.648945,0.3355501,0.0
409,P67870,0.9804263,0.8469598,0.9934603,0.97610086,0.9653476,0.96304893,0.99980205,0.9607352,1.0
410,P67936,0.7423141,0.5689326,0.723533,0.30568755,0.72552884,0.6962503,0.91494346,0.66817,1.0
411,P68363,0.9965604,0.9666666,0.99784803,0.97830826,0.998738,0.997004,0.9953074,0.9900618,1.0
412,P78368,0.9935702,0.96017605,0.95128405,0.7248485,0.9671022,0.98668134,0.6217312,0.8864848,1.0
413,P78536,0.98031116,0.43278334,0.77842873,0.956996,0.90556186,0.95801616,0.99019647,0.8574705,1.0
414,P80188,0.96383125,0.85254693,0.9874816,0.9622614,0.9883829,0.996314,0.9940315,0.96355,1.0
415,P84098,0.660017,0.46676737,0.43661532,0.13809867,0.2608758,0.16940223,0.56187683,0.3848076,0.0
416,Q00169,0.9521983,0.07114325,0.6732307,0.72151065,0.70694196,0.1137116,0.775133,0.5734099,1.0
417,Q00613,0.56220937,0.020579908,0.39346805,0.11148344,0.17608318,0.044070065,0.058118008,0.19514456,0.0
418,Q01082,0.96208316,0.94873536,0.9210462,0.8930606,0.96377754,0.938752,0.87607634,0.9290759,1.0
419,Q01581,0.9319273,0.9366799,0.97797227,0.9214073,0.9348593,0.9026361,0.91241723,0.9311285,1.0
420,Q02224,0.016828654,0.0253296,0.26307663,0.012887584,0.006371137,0.012951397,0.026939977,0.052055,0.0
421,Q03426,0.416817,0.04876284,0.030831497,0.39483398,0.20133221,0.116342865,0.38733482,0.22803645,0.0
422,Q03721,0.98158574,0.9486825,0.9832276,0.9983713,0.9370031,0.99032825,0.9428559,0.9688649,1.0
423,Q04206,0.9092906,0.84974086,0.8101291,0.9669248,0.75177765,0.7658239,0.9658608,0.8599354,1.0
424,Q04917,0.1480256,0.61786324,0.6811331,0.84080803,0.7703235,0.43654943,0.4291815,0.5605549,1.0
425,Q05315,0.920375,0.41957113,0.79075485,0.26942894,0.8600988,0.63059324,0.59390265,0.640675,1.0
426,Q05639,0.94880265,0.97301394,0.47768825,0.8728321,0.9759871,0.91760176,0.9917772,0.87967175,1.0
427,Q06124,0.22725113,0.7727855,0.84081274,0.62008214,0.1085725,0.883817,0.94908166,0.6289147,1.0
428,Q06609,0.896973,0.9721487,0.92727363,0.9436625,0.7306231,0.97101665,0.8674321,0.9013043,1.0
429,Q07011,0.7038233,0.34793296,0.9398136,0.7656284,0.24252172,0.77062976,0.93161994,0.67171,1.0
430,Q07812,0.9468174,0.96058434,0.80225533,0.8655085,0.9373084,0.9311511,0.9537332,0.9139083,1.0
431,Q07817,0.48838976,0.63901585,0.9581057,0.3785035,0.81406623,0.48067954,0.6526427,0.63020045,1.0
432,Q08209,0.89740384,0.81918246,0.8144159,0.66890204,0.7486551,0.9558327,0.9160064,0.83148557,1.0
433,Q09013,0.99892765,0.9977743,0.93926454,0.9931507,0.97959214,0.9934007,0.9842433,0.98376477,1.0
434,Q12756,0.44268373,0.048824616,0.13316113,0.020746063,0.70849955,0.023347158,0.090799846,0.20972313,0.0
435,Q12874,0.14350538,0.642175,0.11590989,0.31032327,0.55662656,0.3426672,0.41407064,0.36075398,0.0
436,Q12884,0.96193624,0.9539336,0.59945256,0.8550125,0.82050806,0.88500386,0.98698795,0.8661193,1.0
437,Q12965,0.83344764,0.25871977,0.51848763,0.09166966,0.25304833,0.18536866,0.11729337,0.32257646,0.0
438,Q13093,0.60510784,0.8285192,0.9356816,0.7386227,0.98344594,0.58661544,0.9743212,0.8074735,1.0
439,Q13219,0.13070033,0.46282303,0.21246694,0.83760124,0.22091427,0.8063038,0.91459495,0.51220065,0.0
440,Q13231,0.6867723,0.7523874,0.946372,0.93794924,0.798267,0.8103633,0.66655403,0.79980934,1.0
441,Q13285,0.8916058,0.8976432,0.60359496,0.84588623,0.7380499,0.59280866,0.890435,0.7800034,1.0
442,Q13304,0.86739826,0.82970876,0.6927336,0.9612519,0.9559779,0.96024907,0.9930733,0.8943419,1.0
443,Q13362,0.5828057,0.32657653,0.78572315,0.7371308,0.08579964,0.065461285,0.68479127,0.46689838,1.0
444,Q13363,0.8325724,0.64489913,0.8563837,0.22551602,0.686304,0.72324,0.95901614,0.70399016,1.0
445,Q13421,0.20595449,0.684959,0.57293475,0.47212556,0.86249465,0.8791443,0.44307753,0.5886701,1.0
446,Q13426,0.12572165,0.0042596157,0.054282792,0.37413594,0.71154517,0.6833667,0.22207896,0.31077012,0.0
447,Q13427,0.045836248,0.14967081,0.038902387,0.013365796,0.25884226,0.08808131,0.22199914,0.11667114,0.0
448,Q13443,0.8559785,0.81306887,0.8583242,0.6959474,0.9740073,0.9521715,0.29483637,0.777762,1.0
449,Q13526,0.06992754,0.019608395,0.23893678,0.07263322,0.011528552,0.35598248,0.2768422,0.14935131,0.0
450,Q13535,0.04243575,0.112054095,0.81237084,0.105481096,0.14732924,0.10009288,0.16527167,0.21214794,0.0
451,Q13564,0.8793314,0.44664967,0.9247472,0.6134112,0.59717405,0.72801507,0.8598879,0.7213167,1.0
452,Q13885,0.95644206,0.9563957,0.95270115,0.89463544,0.9866563,0.9711798,0.94509315,0.95187193,1.0
453,Q13907,0.5329312,0.66244215,0.17923054,0.57524496,0.12751274,0.7573226,0.27540883,0.44429898,1.0
454,Q13946,0.4913059,0.3963619,0.49002314,0.15935396,0.83876485,0.10212217,0.3694633,0.4067707,0.0
455,Q14242,0.8780594,0.6418808,0.9564296,0.9748965,0.634439,0.78297573,0.4100007,0.7540974,1.0
456,Q14376,0.75101864,0.859705,0.84164894,0.8612729,0.38413092,0.8641614,0.8737809,0.7765312,1.0
457,Q14416,0.9960752,0.8870547,0.99009854,0.9276824,0.8767717,0.89235175,0.9176653,0.9268142,1.0
458,Q14494,0.035117302,0.14461026,0.11787617,0.19370076,0.3525465,0.21158677,0.013528636,0.15270948,0.0
459,Q14565,0.120618075,0.1346156,0.23579831,0.21388388,0.20060354,0.11050717,0.29762468,0.18766448,0.0
460,Q14627,0.80137426,0.9983107,0.9103704,0.9648403,0.785743,0.9614154,0.99333197,0.91648376,1.0
461,Q14790,0.23073843,0.85679,0.70485383,0.7235976,0.031748287,0.5943297,0.11625395,0.46547312,1.0
462,Q14832,0.5255035,0.8571907,0.92961645,0.9565099,0.72041184,0.96164775,0.8097809,0.8229516,1.0
463,Q14894,0.39669007,0.31900898,0.7782343,0.92481136,0.57098466,0.4521254,0.43987316,0.5545326,0.0
464,Q14914,0.9762146,0.99571085,0.9688787,0.9797885,0.9555191,0.9944331,0.9226385,0.97045475,1.0
465,Q14956,0.4909866,0.9068734,0.7807138,0.90230095,0.44845456,0.7933234,0.7965939,0.7313209,1.0
466,Q14995,0.34172183,0.2710381,0.16605961,0.7480471,0.57792586,0.48466226,0.8194877,0.48699182,0.0
467,Q15031,0.5241131,0.80118704,0.7518319,0.9347159,0.25678852,0.76839405,0.70744044,0.6777816,1.0
468,Q15075,0.007335372,0.02955768,0.14159092,0.005683155,0.0011732264,0.017680857,0.005146672,0.029738268,0.0
469,Q15078,0.144924,0.10950719,0.00811998,0.044795528,0.020017684,0.07621168,0.014160692,0.05967668,0.0
470,Q15102,0.93928796,0.9744083,0.6212913,0.8304476,0.72555846,0.46045977,0.99563855,0.79244167,1.0
471,Q15111,0.2731638,0.87555104,0.26033708,0.51578605,0.22443819,0.914274,0.35885686,0.4889153,0.0
472,Q15119,0.93489116,0.70304716,0.8934279,0.9333072,0.847354,0.93743634,0.94851255,0.8854252,1.0
473,Q15120,0.7548431,0.953227,0.56628364,0.9329993,0.8826565,0.75936335,0.7969336,0.80661523,1.0
474,Q15382,0.025474392,0.11639474,0.20838682,0.05347147,0.24431437,0.32979858,0.5517082,0.21850695,0.0
475,Q15393,0.2722221,0.9054392,0.8662464,0.7008089,0.78477836,0.7410921,0.5697614,0.6914783,1.0
476,Q15648,0.18672398,0.10750243,0.019850228,0.036201473,0.040856916,0.21272495,0.013688866,0.08822127,0.0
477,Q15661,0.88412696,0.48527217,0.44049856,0.48875707,0.1845686,0.97629285,0.9450088,0.6292179,0.0
478,Q15722,0.94397324,0.92547715,0.90988845,0.43647283,0.20401368,0.7424564,0.921797,0.7262969,1.0
479,Q15761,0.8933142,0.8041775,0.9559578,0.8534648,0.799831,0.97525454,0.8329962,0.8735709,1.0
480,Q15788,0.28657603,0.9849583,0.74372715,0.12926812,0.020805625,0.86713773,0.79736924,0.5471203,1.0
481,Q15796,0.98392254,0.6692551,0.38164738,0.49524504,0.26216793,0.96912605,0.66592026,0.6324692,1.0
482,Q16206,0.12735605,0.43077862,0.3887492,0.011292087,0.11661733,0.35283735,0.039975353,0.20965801,0.0
483,Q16222,0.7262722,0.47182792,0.3562159,0.83736193,0.6498673,0.7621511,0.8476535,0.6644785,1.0
484,Q16566,0.892806,0.9995983,0.995654,0.99703276,0.96247524,0.9938764,0.99448496,0.97656107,1.0
485,Q16613,0.44637805,0.2745704,0.1581176,0.30336484,0.26180488,0.65760046,0.40048698,0.35747474,0.0
486,Q16644,0.9968272,0.95606357,0.9973489,0.9984768,0.95347863,0.99798465,0.9979048,0.9854407,1.0
487,Q16651,0.022072807,0.0154000595,0.15782854,0.24002773,0.29408944,0.6203631,0.045500774,0.19932607,0.0
488,Q16671,0.9572813,0.92899776,0.8671103,0.9590616,0.987905,0.9244767,0.9916917,0.9452177,1.0
489,Q16698,0.95557755,0.97759056,0.9861318,0.75296354,0.9970536,0.9786108,0.94004476,0.94113904,1.0
490,Q16706,0.11620525,0.7862179,0.6537289,0.30324134,0.24795818,0.96028775,0.6258914,0.5276473,1.0
491,Q16740,0.896578,0.6859353,0.9149745,0.2674282,0.28626877,0.69685113,0.7083365,0.63662463,1.0
492,Q16760,0.059084263,0.053118695,0.019527335,0.0032007757,0.065721355,0.023232417,0.016506411,0.034341607,0.0
493,Q16769,0.81751597,0.85615855,0.41127232,0.5750015,0.9461455,0.8967475,0.98531646,0.7840225,1.0
494,Q16877,0.9529557,0.92938656,0.8486905,0.9611833,0.93585914,0.61791253,0.5899094,0.83369964,1.0
495,Q460N3,0.030605692,0.012477725,0.01774933,0.011912676,0.029963817,0.19405276,0.072500095,0.052751727,0.0
496,Q53H96,0.7905277,0.3086867,0.7696475,0.0922214,0.8281086,0.9702027,0.2473329,0.57238966,1.0
497,Q5JTZ9,0.18806745,0.5647081,0.6682696,0.54098487,0.17329109,0.15153012,0.11114133,0.34257036,0.0
498,Q5ZPR3,0.54868674,0.45404005,0.35317484,0.68175447,0.61502475,0.14426836,0.825054,0.517429,1.0
499,Q6IQ20,0.11153448,0.87481636,0.78493154,0.15291464,0.3239224,0.6081633,0.7022993,0.50836885,1.0
500,Q6L8H2,0.06492317,0.029424144,0.052664764,0.12126901,0.31430715,0.31349134,0.025161842,0.13160592,0.0
501,Q6NVY1,0.93993956,0.99469453,0.9393027,0.9924313,0.9862774,0.8754465,0.99652207,0.9606591,1.0
502,Q6PEY2,0.9842443,0.5165505,0.99471843,0.9747653,0.9665553,0.98249716,0.8006171,0.88856405,1.0
503,Q6PHW0,0.5963259,0.7291704,0.6783307,0.5377125,0.6261916,0.6558812,0.3508117,0.59634626,1.0
504,Q6QNK2,0.7091525,0.7812807,0.3826932,0.8390315,0.95733637,0.81725,0.8716155,0.76548,1.0
505,Q6TGC4,0.29578498,0.34941605,0.82101876,0.25906673,0.19906156,0.23634776,0.6260029,0.39809984,0.0
506,Q6UWP2,0.5869096,0.49994868,0.105997756,0.36253175,0.49840572,0.5471051,0.2743014,0.4107429,0.0
507,Q7RTX0,0.8171024,0.7395459,0.917991,0.8662741,0.87783206,0.9075993,0.88981444,0.8594513,1.0
508,Q7Z406,0.33117983,0.09540293,0.0073605767,0.11949222,0.0030231331,0.09217475,0.03407292,0.097529486,0.0
509,Q7Z4W1,0.8448958,0.98603976,0.9864869,0.84956086,0.9516486,0.89106697,0.99280834,0.9289296,1.0
510,Q86SZ2,0.26414806,0.48298404,0.48118484,0.049298648,0.19076459,0.6828503,0.20754412,0.33696777,0.0
511,Q86T13,0.17940372,0.15458645,0.37550554,0.5852204,0.06933864,0.32617953,0.41921756,0.30135027,0.0
512,Q86US8,0.013710417,0.011389831,0.078631416,0.18214877,0.017608084,0.008206995,0.04708666,0.051254597,0.0
513,Q86WA6,0.959424,0.9942557,0.99378854,0.95662963,0.9897082,0.9766227,0.7102344,0.9400948,1.0
514,Q86XF0,0.59228975,0.741479,0.9446321,0.47260898,0.7969893,0.6907007,0.5734591,0.6874513,1.0
515,Q8IVS2,0.77470136,0.8716538,0.7785736,0.77837944,0.9019353,0.83889604,0.9526665,0.84240085,1.0
516,Q8IWL2,0.96302825,0.96320695,0.9741711,0.097118996,0.91827667,0.96929437,0.99666387,0.8402515,1.0
517,Q8IXJ6,0.39550093,0.8889337,0.6267499,0.90505654,0.68521875,0.83758706,0.79611886,0.7335951,1.0
518,Q8N119,0.19921574,0.73498505,0.6184588,0.06594369,0.6182293,0.22010374,0.19803834,0.3792821,0.0
519,Q8N142,0.7671778,0.80440456,0.6114292,0.8880466,0.89247215,0.9526564,0.77978736,0.81371063,1.0
520,Q8N4T0,0.46039805,0.924259,0.3750799,0.5525061,0.47808105,0.033507563,0.66145736,0.4978984,0.0
521,Q8NBQ5,0.43670446,0.31558177,0.54430646,0.32905304,0.31541508,0.5330892,0.9386857,0.48754793,0.0
522,Q8NEB9,0.19265918,0.8877775,0.74788254,0.47367436,0.5669557,0.52096933,0.5810073,0.56727517,1.0
523,Q8NFA2,0.05565973,0.22683395,0.008527628,0.13031667,0.015902735,0.06173265,0.035826407,0.07639997,0.0
524,Q8NFM4,0.62582123,0.9751417,0.9826171,0.77139413,0.86454636,0.9623041,0.9627102,0.87779075,1.0
525,Q8NFW8,0.5221558,0.60968876,0.47015896,0.14582278,0.44551566,0.6570848,0.91736144,0.53825545,1.0
526,Q8TAB3,0.03209014,0.00987219,0.024142541,0.1859862,0.0771834,0.06561194,0.015366359,0.05860754,0.0
527,Q8TCG2,0.9359174,0.9173779,0.82164335,0.083950125,0.74699664,0.24267192,0.63176876,0.6257609,1.0
528,Q8TF76,0.951816,0.65283984,0.44888794,0.980022,0.7384691,0.7066752,0.958143,0.77669334,1.0
529,Q8WTS6,0.8356269,0.5148115,0.601165,0.17847565,0.9328829,0.78987944,0.2213028,0.58202064,1.0
530,Q8WUI4,0.10900129,0.387153,0.28906113,0.38305852,0.14741947,0.6346456,0.6231211,0.36763716,0.0
531,Q8WVQ1,0.6229334,0.8365758,0.9782241,0.6801595,0.72635365,0.6632846,0.66547376,0.73900074,1.0
532,Q8WWL2,0.06466386,0.5333329,0.14373931,0.05241801,0.0687438,0.19269687,0.16050102,0.17372796,0.0
533,Q92569,0.17846467,0.94778264,0.11190168,0.20465383,0.2556761,0.055341143,0.5746476,0.33263823,0.0
534,Q92598,0.17562476,0.518543,0.08279577,0.87671584,0.30280697,0.17308564,0.8029474,0.41893134,0.0
535,Q92696,0.15091406,0.037798155,0.028125044,0.097572066,0.120129935,0.10265448,0.41378632,0.13585429,0.0
536,Q92793,0.27162004,0.9247694,0.5670951,0.014113368,0.1996394,0.1335683,0.5283946,0.3770286,0.0
537,Q92830,0.054436013,0.12390403,0.54119253,0.72841203,0.22040793,0.053068977,0.47159696,0.31328836,0.0
538,Q92831,0.06861102,0.08549599,0.13706541,0.047441743,0.20534766,0.1300128,0.14067715,0.11637883,0.0
539,Q92843,0.9802407,0.97596574,0.99582964,0.6813478,0.9073844,0.9568073,0.99726427,0.92783433,1.0
540,Q92876,0.5137737,0.18992896,0.7555046,0.9101119,0.49189812,0.9396335,0.87154055,0.66748446,1.0
541,Q92930,0.6764542,0.86733055,0.48681268,0.8432351,0.0880388,0.9054117,0.8873792,0.6792374,1.0
542,Q92934,0.3659825,0.06228296,0.36396322,0.038469642,0.14254633,0.5093015,0.73623776,0.31696913,0.0
543,Q92993,0.87991667,0.06958472,0.6146553,0.7482353,0.0572513,0.20288543,0.64483744,0.45962372,1.0
544,Q969F8,0.44363368,0.86113524,0.99140817,0.9214789,0.95385486,0.647369,0.9703532,0.82703334,1.0
545,Q969G3,0.0063466155,0.010257816,0.005401364,0.05552933,0.0010792938,0.0019682916,0.010883992,0.013066672,0.0
546,Q969V6,0.33874106,0.28010187,0.2822046,0.0750387,0.03650943,0.06295806,0.21402407,0.1842254,0.0
547,Q96AZ6,0.016692083,0.032611154,0.04376212,0.05907822,0.06717151,0.19054762,0.0057806107,0.059377614,0.0
548,Q96BI3,0.23873459,0.35551685,0.22671403,0.038944103,0.1169099,0.81713897,0.26092508,0.29355478,0.0
549,Q96C86,0.9460384,0.13455191,0.43598142,0.35192075,0.43031257,0.75230837,0.5002499,0.5073376,0.0
550,Q96DP5,0.01770462,0.03182739,0.896798,0.585407,0.09635624,0.08082838,0.4549982,0.3091314,0.0
551,Q96EB6,0.67878497,0.6817894,0.69156575,0.8107946,0.67123747,0.910952,0.93510824,0.76860464,1.0
552,Q96EM0,0.92010933,0.3151334,0.8282837,0.5011525,0.6864203,0.79023904,0.25320718,0.61350644,1.0
553,Q96F10,0.9961279,0.9380814,0.9699611,0.9864406,0.95448303,0.95032305,0.804315,0.94281894,1.0
554,Q96GD3,0.015544728,0.03296235,0.013574691,0.058215354,0.25661123,0.030304026,0.012861695,0.060010582,0.0
555,Q96GR2,0.9797453,0.9787391,0.92096645,0.65607685,0.8314022,0.9255009,0.93101656,0.8890639,1.0
556,Q96KG9,0.98677003,0.9755647,0.99652654,0.97204417,0.9572778,0.9822603,0.93650764,0.97242165,1.0
557,Q96LB9,0.8389071,0.3601927,0.738104,0.588561,0.8691061,0.71726614,0.9277922,0.71998984,1.0
558,Q96MA6,0.7341426,0.6785942,0.35735664,0.9210458,0.35316658,0.39721805,0.39365277,0.5478824,0.0
559,Q96PN6,0.40307242,0.23449595,0.91769844,0.7491286,0.45952064,0.75027937,0.69477814,0.60128194,1.0
560,Q96T66,0.075249255,0.23948419,0.34933528,0.025606347,0.013742825,0.08782591,0.32190332,0.159021,0.0
561,Q99418,0.9894853,0.5840716,0.40140533,0.9058114,0.5982678,0.73986125,0.5153572,0.6763228,1.0
562,Q99436,0.542278,0.69002086,0.20915838,0.6348515,0.5395953,0.7336939,0.5826651,0.56175184,1.0
563,Q99542,0.77219534,0.4593305,0.9909401,0.91922677,0.4771558,0.56654876,0.38049528,0.6522703,1.0
564,Q99661,0.15004206,0.33714503,0.37627667,0.38055012,0.23163493,0.28097546,0.5766014,0.33331797,0.0
565,Q99798,0.99063116,0.94120765,0.9462879,0.9392802,0.885734,0.94936734,0.9834356,0.94799197,1.0
566,Q99873,0.9978137,0.8659597,0.98436224,0.9720675,0.98160326,0.8799387,0.99623495,0.9539971,1.0
567,Q99884,0.99552226,0.9997547,0.9527587,0.9632076,0.7090328,0.99423933,0.96058255,0.93929976,1.0
568,Q99933,0.004261801,0.02670101,0.017671047,0.097379275,0.0048473068,0.011468872,0.0042048045,0.023790589,0.0
569,Q9BQE3,0.9862709,0.8497179,0.98451877,0.9652753,0.9831407,0.98132575,0.8158652,0.93801636,1.0
570,Q9BVA1,0.9785674,0.9782372,0.97365814,0.9354507,0.9715083,0.9700707,0.9670069,0.9677857,1.0
571,Q9BVG9,0.9475363,0.99294007,0.7715429,0.93534845,0.97277564,0.20136061,0.96581894,0.8267604,1.0
572,Q9BVJ7,0.9379229,0.29862034,0.39228284,0.5984065,0.62029636,0.600266,0.41582066,0.5519451,1.0
573,Q9BVM4,0.4765502,0.116793215,0.14696817,0.3522376,0.37824804,0.13125996,0.3588675,0.2801321,0.0
574,Q9BW91,0.18020836,0.063506715,0.039099157,0.061227098,0.1505766,0.16794673,0.6540407,0.18808648,0.0
575,Q9BWD1,0.98339957,0.6922566,0.9881075,0.9159547,0.83729815,0.98385644,0.935041,0.90513057,1.0
576,Q9BZX2,0.8086286,0.19065455,0.68799204,0.27613074,0.8221422,0.5686862,0.25460598,0.5155486,1.0
577,Q9BZZ2,0.105866745,0.044729356,0.14264388,0.35478055,0.04613752,0.077702016,0.54968065,0.18879151,0.0
578,Q9GZP0,0.247401,0.40398616,0.631261,0.81328166,0.14394033,0.029475614,0.54263365,0.40171131,0.0
579,Q9H239,0.8724058,0.85255235,0.932185,0.4248867,0.58856255,0.6861143,0.8887977,0.74935776,1.0
580,Q9H2P9,0.70243275,0.9343564,0.7603405,0.44800085,0.9484585,0.19069348,0.8790083,0.69475585,1.0
581,Q9H2S1,0.5590195,0.956251,0.9343737,0.6868208,0.9519821,0.8103759,0.90060645,0.8284899,1.0
582,Q9H306,0.9390547,0.81124157,0.8234648,0.9650603,0.87343985,0.7255844,0.9446941,0.8689343,1.0
583,Q9H4G4,0.025041535,0.010679441,0.054352965,0.020227822,0.007237117,0.114253774,0.029724544,0.0373596,0.0
584,Q9H4M7,0.001978531,0.021816693,0.060191438,0.010242728,0.0115517285,0.022112561,0.07597938,0.029124724,0.0
585,Q9H6X2,0.9866251,0.8884663,0.8891263,0.9557698,0.94851285,0.93098927,0.52347744,0.8747096,1.0
586,Q9HAN9,0.14309019,0.33736393,0.054480344,0.06396319,0.18453969,0.11827244,0.18340655,0.15501662,0.0
587,Q9HBH1,0.028683081,0.23286282,0.11976436,0.006548068,0.27183515,0.08205904,0.3173133,0.15129511,0.0
588,Q9HBL8,0.96703833,0.9384562,0.8955475,0.64159966,0.6985688,0.8148269,0.79075766,0.8209707,1.0
589,Q9HCD5,0.05810451,0.041284293,0.058578853,0.026159348,0.13868237,0.68129677,0.24716313,0.17875277,0.0
590,Q9HCP0,0.9894811,0.86591154,0.98716754,0.98646057,0.9234299,0.9529268,0.9532418,0.95123136,1.0
591,Q9NNW7,0.9832412,0.9754847,0.98376024,0.9495195,0.9651658,0.97155166,0.99402255,0.9746779,1.0
592,Q9NP99,0.24787343,0.42189503,0.19811256,0.7346359,0.23167963,0.51824045,0.5135692,0.40942946,0.0
593,Q9NPB1,0.64408904,0.10271577,0.64056396,0.64626825,0.16967517,0.6688815,0.16787858,0.43429604,1.0
594,Q9NPC1,0.9230454,0.9594326,0.5802929,0.4472286,0.57931125,0.81502235,0.85011464,0.7363497,1.0
595,Q9NPJ3,0.7545357,0.9816824,0.94036806,0.9652887,0.97146183,0.93183297,0.49297243,0.8625917,1.0
596,Q9NQS7,0.1432317,0.04477772,0.05139813,0.07417592,0.03143913,0.03573002,0.09597257,0.0681036,0.0
597,Q9NR28,0.13925813,0.54262346,0.0028709278,0.4302009,0.32356513,0.114161976,0.10763744,0.23718826,0.0
598,Q9NRA0,0.58094954,0.4481991,0.7576781,0.71043634,0.026775084,0.7840463,0.5466302,0.55067354,1.0
599,Q9NRE1,0.5032608,0.77295375,0.33851823,0.8647389,0.50553393,0.3985206,0.5500878,0.5619449,1.0
600,Q9NSD5,0.990112,0.9868325,0.9933295,0.98264796,0.9953399,0.9909768,0.99372417,0.99042326,1.0
601,Q9NSE4,0.9141863,0.5159551,0.9714865,0.6672052,0.68103826,0.8576046,0.89827406,0.78653574,1.0
602,Q9NTG7,0.74603474,0.9417464,0.8927612,0.66554815,0.80058223,0.93476427,0.7341779,0.81651646,1.0
603,Q9NUB1,0.91638696,0.9729743,0.9740923,0.931978,0.66835254,0.94862723,0.9952366,0.9153783,1.0
604,Q9NWM0,0.2472867,0.13301493,0.092616946,0.15347321,0.24886075,0.06809139,0.07496142,0.1454722,0.0
605,Q9NWT6,0.94998854,0.43927243,0.4313954,0.96973014,0.7457283,0.17056267,0.7242446,0.6329889,1.0
606,Q9NXE4,0.011876333,0.6443827,0.45754874,0.005710673,0.04558917,0.06069937,0.07583639,0.18594907,0.0
607,Q9NY59,0.82845914,0.37534407,0.75631696,0.32787806,0.47852525,0.90828264,0.057920914,0.5332467,0.0
608,Q9NY65,0.5255642,0.6463694,0.8671241,0.7245216,0.94809765,0.7289097,0.58023524,0.71726024,1.0
609,Q9NZ42,0.26994282,0.7084031,0.46489313,0.010718748,0.28168523,0.54685956,0.2203714,0.35755345,0.0
610,Q9P2E9,0.08055828,0.49845016,0.057566665,0.060858924,0.18896544,0.15413071,0.26833636,0.18698093,0.0
611,Q9P2J5,0.9671271,0.9104089,0.90222865,0.9786583,0.8691514,0.89920145,0.9783902,0.9293094,1.0
612,Q9P2N6,0.012898204,0.0024557891,0.04626841,0.0021800126,0.05859257,0.0019284869,0.04344985,0.023967614,0.0
613,Q9P2W7,0.96852094,0.7881122,0.902406,0.78457063,0.739972,0.72067493,0.5667747,0.781576,1.0
614,Q9UBQ6,0.5931671,0.23973452,0.7837787,0.9315949,0.93003875,0.4612071,0.8921702,0.69024163,1.0
615,Q9UBT6,0.0031070274,0.03346652,0.0042707217,0.003623236,0.0038439587,0.02341151,0.0029857105,0.010672669,0.0
616,Q9UBX1,0.792291,0.9454841,0.88440293,0.85389274,0.920594,0.74454683,0.6080938,0.8213293,1.0
617,Q9UDW1,0.24496143,0.027717674,0.43744937,0.013935049,0.13622084,0.27015153,0.33890522,0.20990586,0.0
618,Q9UG56,0.37608668,0.47895184,0.80589557,0.53726315,0.9308405,0.6819045,0.89290136,0.67197764,1.0
619,Q9UHC3,0.07107171,0.44916052,0.52911526,0.7842956,0.76884806,0.9585103,0.40429738,0.5664712,1.0
620,Q9UIC8,0.1443143,0.86135757,0.13597268,0.24715944,0.2665161,0.15340579,0.76366585,0.36748454,0.0
621,Q9UKM7,0.27660257,0.28818583,0.5437374,0.2287306,0.1163907,0.6254987,0.17828242,0.32248974,0.0
622,Q9ULC6,0.4178148,0.43736228,0.54345775,0.3076225,0.60736376,0.04121224,0.7068768,0.43738717,0.0
623,Q9ULW8,0.5363247,0.37947276,0.5101237,0.113556504,0.8412571,0.083584145,0.33938673,0.40052938,0.0
624,Q9ULZ9,0.74149615,0.39281172,0.7997857,0.91564786,0.6474045,0.8012228,0.79842556,0.7281135,1.0
625,Q9UN19,0.5896913,0.14534372,0.69073135,0.9368164,0.4180144,0.65241253,0.77317154,0.600883,1.0
626,Q9UNA0,0.6356945,0.66896737,0.65929735,0.38724932,0.6415084,0.6296261,0.38386643,0.57231563,1.0
627,Q9UNI1,0.12871869,0.07667617,0.32880965,0.63140655,0.21742631,0.7105277,0.07821399,0.31025413,0.0
628,Q9Y230,0.4916865,0.96289384,0.9025746,0.72987366,0.5033817,0.52502847,0.476842,0.6560401,1.0
629,Q9Y266,0.05799851,0.79200846,0.48631933,0.022567833,0.30471486,0.26817477,0.04742077,0.2827435,0.0
630,Q9Y277,0.66706854,0.9857222,0.8773421,0.66860825,0.9071199,0.8838032,0.9197294,0.84419906,1.0
631,Q9Y286,0.4943315,0.0726957,0.74875337,0.108050436,0.87610656,0.06813252,0.21112323,0.36845618,0.0
632,Q9Y296,0.3665127,0.6583482,0.89189994,0.05376907,0.9243287,0.79605854,0.8612345,0.65030736,1.0
633,Q9Y2C9,0.7063164,0.41965848,0.98250014,0.88749737,0.7721605,0.90959215,0.89988923,0.796802,1.0
634,Q9Y2J8,0.27283755,0.71165,0.921931,0.62588584,0.85471797,0.5748779,0.45830983,0.6314586,1.0
635,Q9Y2Q0,0.7878519,0.75351375,0.96904343,0.97454774,0.8565461,0.96888405,0.7958523,0.8723198,1.0
636,Q9Y468,0.16882385,0.052678805,0.042032454,0.12425382,0.08392771,0.031942096,0.030845547,0.076357745,0.0
637,Q9Y4W6,0.92789346,0.93523747,0.7765304,0.76344234,0.8834618,0.7951904,0.87148654,0.8504632,1.0
638,Q9Y5R2,0.26045913,0.08511415,0.6081011,0.23071451,0.08539333,0.0967172,0.47590792,0.26320106,0.0
639,Q9Y5R8,0.036103927,0.070029475,0.039368212,0.063700885,0.043882664,0.46120197,0.027195023,0.10592603,0.0
640,Q9Y663,0.4393708,0.47194803,0.36338434,0.052298952,0.2977066,0.40759063,0.3454459,0.33967787,0.0
641,Q9Y678,0.18717822,0.08930585,0.25870025,0.33763203,0.11349758,0.030421251,0.02345712,0.1485989,0.0
642,Q9Y691,0.4058355,0.22839954,0.03186413,0.4645916,0.3519215,0.9023912,0.73495156,0.44570783,0.0
643,Q9Y6B6,0.93424517,0.9906317,0.28907153,0.7284968,0.69873196,0.93963075,0.5807816,0.7373699,1.0
644,Q9Y6I3,0.110600755,0.31787303,0.12759873,0.33941695,0.13284314,0.77882785,0.041552164,0.2641018,0.0
645,Q9Y6K9,0.48261026,0.21283422,0.88678926,0.7141373,0.13299333,0.27519614,0.92556983,0.51859003,0.0
646,Q9Y6L7,0.950897,0.995782,0.9051616,0.9462033,0.60469264,0.98121095,0.9578467,0.9059706,1.0
647,Q9Y6M4,0.99183965,0.9978703,0.99722147,0.95648885,0.993103,0.9890065,0.9884289,0.98770845,1.0
648,Q9Y6Q6,0.78550506,0.11034131,0.7711164,0.862893,0.78462404,0.25902188,0.72573066,0.6141761,1.0
649,O14957,0.82873595,0.5003856,0.9331609,0.8270434,0.8632665,0.26226464,0.8498189,0.7235251,1.0
650,P04211,0.024148153,0.22389978,0.02293324,0.23177837,0.110766426,0.0626209,0.07698843,0.10759074,0.0
651,P0CG29,0.80290693,0.45976877,0.89645267,0.94501966,0.7886075,0.8049353,0.7344201,0.7760159,1.0
652,P14621,0.20171902,0.60172534,0.86465615,0.06554729,0.12414326,0.86657506,0.37481698,0.44274044,0.0
653,P16260,0.8046682,0.11641164,0.91458046,0.40646765,0.60368043,0.76931864,0.7499475,0.623582,1.0
654,P21506,0.0067972257,0.015229402,0.000869449,0.020055242,0.027074106,0.015761398,0.01651605,0.014614697,0.0
655,P30408,0.8262116,0.5480775,0.1352618,0.5546159,0.8123334,0.8506358,0.1842905,0.5587752,1.0
656,P34995,0.8452897,0.7024628,0.9797437,0.57178384,0.9560358,0.7073374,0.99323785,0.8222702,1.0
657,P42357,0.98957765,0.9423324,0.87933004,0.9942449,0.7462973,0.8650617,0.83695394,0.8933997,1.0
658,P48060,0.48840666,0.25594488,0.2213121,0.20126933,0.24817127,0.2173995,0.8049496,0.34820762,0.0
659,P56385,0.12854767,0.8253726,0.06459211,0.29670572,0.72493863,0.08140535,0.2666394,0.34117168,0.0
660,P60509,0.591674,0.15517151,0.47284868,0.62620294,0.37629995,0.53281975,0.7586314,0.5019497,1.0
661,P60608,0.20456333,0.017347632,0.039950088,0.09359385,0.14583121,0.017702585,0.03422787,0.07903094,0.0
662,Q6NUS8,0.67716825,0.752425,0.7438413,0.91791785,0.6806166,0.89092946,0.9538825,0.8023973,1.0
663,Q6NXR0,0.66894495,0.1492885,0.61116946,0.54592407,0.4449746,0.9318368,0.08850879,0.49152106,1.0
664,Q6PKH6,0.052174516,0.060566455,0.08305327,0.10110238,0.043919183,0.28450263,0.15690912,0.11174679,0.0
665,Q6UWM7,0.68886036,0.2815546,0.95512915,0.4116617,0.71061796,0.39377338,0.75612104,0.59967405,1.0
666,Q7L3T8,0.4942736,0.6211774,0.35450578,0.22420262,0.78515494,0.19067824,0.4130583,0.44043583,0.0
667,Q8IUR0,0.13550767,0.06443834,0.05626414,0.03576438,0.71888304,0.6550675,0.74871,0.34494784,0.0
668,Q8TDV5,0.18694791,0.1600371,0.26361567,0.1437365,0.23514247,0.4081632,0.23044279,0.23258366,0.0
669,Q96BH3,0.3303507,0.6499208,0.5421879,0.52435255,0.69889635,0.8659511,0.40161943,0.5733256,1.0
670,Q96KC2,0.5135475,0.83976364,0.56713593,0.6245689,0.47253662,0.5498046,0.6500733,0.60249,1.0
671,Q96QU6,0.19048823,0.9523464,0.7660134,0.8130233,0.8383304,0.6699543,0.4790105,0.6727381,1.0
672,Q9HB40,0.82041293,0.9918013,0.7056247,0.8471866,0.900967,0.9847035,0.87681377,0.8753586,1.0
673,Q9UHA3,0.27041122,0.008284939,0.018024918,0.003723394,0.07495001,0.1581216,0.002641138,0.07659388,0.0
674,Q9UKY3,0.84803474,0.61332583,0.46002674,0.4877163,0.1851006,0.9058016,0.41488373,0.5592699,0.0
675,Q9Y689,0.1265433,0.45951167,0.1428604,0.6208834,0.51602435,0.09210463,0.6404858,0.37120196,0.0
676,P0CG22,0.060647085,0.87949634,0.101017304,0.13813823,0.13595328,0.6429022,0.24076353,0.3141311,0.0
677,P16562,0.14907767,0.07977652,0.035303075,0.60501856,0.25485417,0.20493388,0.7862565,0.30217433,0.0
678,Q6P093,0.9658959,0.89584637,0.7419289,0.32036307,0.44537842,0.46882138,0.25428542,0.5846456,0.0
679,Q6UWN8,0.9566082,0.8089569,0.17072424,0.8004032,0.5556933,0.7308015,0.6118934,0.6621545,1.0
680,Q86VU5,0.11096572,0.04853615,0.012753896,0.1192468,0.15555488,0.1729663,0.123129316,0.10616473,0.0
681,Q8TF61,0.04562327,0.021237211,0.033730306,0.17024107,0.110448666,0.040997047,0.014866841,0.0624492,0.0
682,Q8WX39,0.87375456,0.9670021,0.89727694,0.7868729,0.893512,0.86472607,0.9861972,0.8956202,1.0
683,Q99470,0.14583768,0.05248305,0.30773944,0.24500115,0.013724321,0.1327362,0.09283214,0.14147915,0.0
684,Q9H853,0.6077064,0.60685486,0.1887236,0.1615721,0.08256801,0.3845422,0.72029454,0.39318022,0.0
685,Q9UNX3,0.09218068,0.042736903,0.38208753,0.09675066,0.15934029,0.1057139,0.028392585,0.12960038,0.0
686,P60002,0.1834813,0.22372785,0.020491641,0.017093247,0.020426406,0.028382195,0.003915348,0.071073994,0.0
687,P60606,0.0123902075,0.041312963,0.00947298,0.27303782,0.049615324,0.079711005,0.081528574,0.078152694,0.0
